nombre_buscado,tier_sala,nivel,target,sp_num_albums,sp_num_singles,sp_num_eps,sp_num_total_releases,sp_anos_activo,sp_releases_por_ano,sp_dias_desde_ultimo_release,sp_ratio_albums_singles,sp_avg_duration_ms,sp_pct_explicit,sp_pct_colabs,lfm_oyentes,lfm_oyentes_log,lfm_scrobbles,lfm_scrobbles_log,lfm_scrobbles_por_oyente,lfm_num_generos,yt_suscriptores,yt_suscriptores_log,yt_vistas_totales,yt_vistas_log,yt_num_videos,yt_vistas_por_video,yt_vistas_por_suscriptor,yt_edad_canal_anos,sl_avg_canciones,sl_pct_encore,sl_num_paises,sl_num_conciertos,sl_pct_espana,trend_gtrends_interes_medio,trend_gtrends_log,trend_yt_vistas_recientes,trend_yt_vistas_recientes_log,trend_yt_videos_recientes,trend_yt_vistas_por_video_reciente
Tarchi,1,bajo,1,3,7,0,10,5.0,2.0,196.0,0.375,136319.5,0.5,0.0,15952.0,9.677402178300998,1431974.0,14.174565168249774,89.7676780341023,0,8850.0,9.088285725968877,2450753.0,14.711906290276064,55.0,44559.145454545454,276.9212429378531,5.919233401779603,,,,,,23.51,3.1990811975400213,58908.0,10.983749159324974,5.0,11781.6
Guxo,2,medio,2,8,15,0,23,4.0,5.75,178.0,0.5,192269.1,0.9,0.9,19016.0,9.853088594952276,629867.0,13.353265552605011,33.123001682793436,0,5410.0,8.596189197642735,2994398.0,14.91225410161558,45.0,66542.17777777778,553.4931608133087,7.255304585900069,,,1.0,2.0,1.0,4.94,1.7817091333745536,6788.0,8.823058934301647,5.0,1357.6
Bon Calso,2,medio,2,4,6,0,10,8.0,1.25,67.0,0.5714285714285714,162249.57142857142,0.42857142857142855,0.2857142857142857,21280.0,9.965569934832672,1321185.0,14.094040376015139,62.08576127819549,5,16100.0,9.686636660844938,9374466.0,16.053500274871205,79.0,118664.12658227848,582.2649689440993,7.279945242984257,1.3636363636363635,0.0,1.0,22.0,1.0,11.34,2.5128460184772416,143609.0,11.874856571054664,5.0,28721.8
C Marí,2,medio,2,1,0,0,1,2.0,0.5,521.0,1.0,176774.0,0.0,1.0,16306.0,9.699349742461278,1052087.0,13.866287318971425,64.52146449159818,5,15400.0,9.642187721358466,6845373.0,15.739083653634268,62.0,110409.24193548386,444.5047402597403,4.955509924709103,0.0,0.0,1.0,2.0,1.0,2.62,1.2864740258376797,77743.0,11.261176656645684,5.0,15548.6
AmoryOdio,1,bajo,1,2,8,0,10,1.0,10.0,53.0,0.2222222222222222,168871.1,0.6,0.5,752.0,6.6240652277998935,5184.0,8.553525120663627,6.8936170212765955,0,290.0,5.673323267171493,31740.0,10.365364499570234,12.0,2645.0,109.44827586206897,0.9226557152635181,,,,,,0.0,0.0,25384.0,10.141913727381494,5.0,5076.8
ladiferencia2006,2,medio,2,1,9,0,10,1.0,10.0,87.0,0.1,152803.2,0.4,0.7,12076.0,9.399058096275375,1357380.0,14.12106766580596,112.4031136137794,1,3060.0,8.026496938945412,833892.0,13.633860375747963,1.0,833892.0,272.51372549019607,0.6269678302532512,,,,,,4.4,1.6863989535702288,5380.0,8.59062950948942,1.0,5380.0
Dano,2,medio,2,4,1,0,5,14.0,0.36,430.0,2.0,239410.6,1.0,1.0,69688.0,11.1517977650686,2898549.0,14.87972116991502,41.59322982436,5,25700.0,10.154285180632154,10872019.0,16.201703074399358,12.0,906001.5833333334,423.0357587548638,6.425735797399041,5.333333333333333,0.1111111111111111,2.0,9.0,0.4444444444444444,17.04,2.8925915146344776,3907.0,8.270781013162674,5.0,781.4
ABHIR,2,medio,2,3,7,0,10,5.0,2.0,39.0,0.375,231937.6,0.4,0.8,23243.0,10.053802313194996,856228.0,13.66029314271037,36.838101794088544,5,28300.0,10.250652418696085,12221007.0,16.31866699603084,62.0,197113.01612903227,431.83770318021203,14.737850787132102,,,,,,12.94,2.6347624053323777,377665.0,12.84176548611541,5.0,75533.0
Gatti,1,bajo,1,0,9,0,9,2.0,4.5,74.0,0.0,142519.0,0.0,0.6,4632.0,8.440959885416648,56638.0,10.944453072844512,12.227547495682211,0,939.0,6.84587987526405,120645.0,11.700615916753062,12.0,10053.75,128.48242811501598,12.388774811772759,,,,,,4.23,1.6544112780768316,27205.0,10.211192816193375,5.0,5441.0
Antony Z,2,medio,2,4,6,0,10,5.0,2.0,73.0,0.5714285714285714,194357.66666666666,0.16666666666666666,1.0,6984.0,8.851520271691061,92068.0,11.430293574921723,13.182703321878579,0,15300.0,9.635673464721814,8127241.0,15.910732186577599,68.0,119518.25,531.1922222222222,8.167008898015059,,,,,,6.15,1.9671123567059163,103964.0,11.551809583020194,5.0,20792.8
Yeidos,1,bajo,1,2,8,0,10,3.0,3.33,76.0,0.2222222222222222,139683.66666666666,0.0,0.8333333333333334,3678.0,8.210396255104774,28088.0,10.243133319606999,7.636759108210984,0,2300.0,7.741099090035366,219964.0,12.301223721769107,34.0,6469.529411764706,95.63652173913043,10.255989048596852,,,,,,1.89,1.0612565021243408,5100.0,8.537191877922927,5.0,1020.0
superreservao,1,bajo,1,2,11,0,13,4.0,3.25,73.0,0.16666666666666666,148089.66666666666,0.7777777777777778,0.6666666666666666,7818.0,8.964311948124514,441900.0,12.998841154071691,56.52340752110514,0,4210.0,8.345455428161928,902669.0,13.713112317101562,31.0,29118.354838709678,214.41068883610453,4.9664613278576315,0.0,0.0,1.0,2.0,1.0,2.6,1.2809338454620642,32064.0,10.375520371582963,5.0,6412.8
UGLY,1,bajo,1,1,3,0,4,1.0,4.0,39.0,0.25,159214.0,0.3333333333333333,0.6666666666666666,24300.0,10.098272780745283,660600.0,13.400905305713037,27.185185185185187,5,2990.0,8.003363058629947,160449.0,11.985737646538002,9.0,17827.666666666668,53.661872909699,10.302532511978097,,,,,,45.7,3.8437441646748516,76539.0,11.245568758979694,5.0,15307.8
RALY,1,bajo,1,2,9,0,11,3.0,3.67,80.0,0.2,182382.9,1.0,0.4,7904.0,8.975250749643573,251513.0,12.435253932976613,31.820976720647774,0,3410.0,8.134760782418645,526144.0,13.173332119130361,11.0,47831.27272727273,154.29442815249266,6.242299794661191,0.0,0.0,1.0,1.0,1.0,39.96,3.7125959807312525,136592.0,11.824760980296265,5.0,27318.4
Ébano,2,medio,2,1,3,0,4,9.0,0.44,854.0,0.25,181583.8,0.2,1.0,6837.0,8.830250570199247,410044.0,12.924022188755291,59.97425771537224,5,14600.0,9.588845298501564,2476272.0,14.722265165190025,6.0,412712.0,169.60767123287673,6.209445585215605,0.0,0.0,1.0,1.0,1.0,65.42,4.195998215948601,1830026.0,14.419841278807123,5.0,366005.2
Sweetwave,1,bajo,1,4,16,0,20,7.0,2.86,171.0,0.23529411764705882,143644.9,0.4,1.0,2934.0,7.984462732262196,29558.0,10.294143544990584,10.074301295160192,0,23100.0,10.047631185616188,89710.0,11.404348671520518,21.0,4271.9047619047615,3.8835497835497836,12.2984257357974,,,,,,0.0,0.0,21540.0,9.977713374888099,5.0,4308.0
LEÏTI,2,medio,2,3,7,0,10,6.0,1.67,116.0,0.375,197897.0,0.2,0.6,23698.0,10.0731881321402,891450.0,13.700605751230194,37.61709848932399,3,62600.0,11.044536531401494,26903672.0,17.107773378001884,53.0,507616.4528301887,429.7711182108626,7.011635865845311,,,3.0,10.0,0.8,4.38,1.682688374173693,291457.0,12.582651192059066,5.0,58291.4
C.EME,1,bajo,1,0,7,0,7,2.0,3.5,59.0,0.0,131041.6,0.0,0.0,2102.0,7.6511201757027,18953.0,9.84977027003014,9.016650808753568,0,10200.0,9.23024103368252,110838.0,11.615833976922502,38.0,2916.7894736842104,10.866470588235295,9.716632443531827,,,,,,1.89,1.0612565021243408,5602.0,8.631057447565285,5.0,1120.4
Xico Palma,1,bajo,1,0,5,0,5,2.0,2.5,76.0,0.0,160823.3,0.6,0.2,484.0,6.184148890937483,4260.0,8.357259153499912,8.801652892561984,0,,,,,,,,,,,,,,1.89,1.0612565021243408,,,,
Biberon,1,bajo,1,4,2,0,6,2.0,3.0,101.0,1.3333333333333333,125483.5,1.0,1.0,3040.0,8.019941687677365,239545.0,12.386500744196486,78.79769736842105,0,1620.0,7.390798521735676,30176718.0,17.222581291013757,88.0,342917.25,18627.603703703702,9.952087611225188,,,,,,84.34,4.446643277759854,5345.0,8.584103896698863,5.0,1069.0
L'haine,2,medio,2,4,6,0,10,7.0,1.43,39.0,0.5714285714285714,187602.7142857143,0.2857142857142857,0.8571428571428571,26890.0,10.199546937117361,1536779.0,14.24519987629662,57.15057642246188,4,15600.0,9.65509029374725,6513882.0,15.689446303342917,76.0,85708.97368421052,417.5565384615385,8.531143052703628,,,,,,6.23,1.9782390361706734,147689.0,11.902870761420356,5.0,29537.8
Juicy BAE,2,medio,2,4,6,0,10,6.0,1.67,325.0,0.5714285714285714,182119.5,0.75,0.75,36773.0,10.512546352713787,1869377.0,14.441116313179505,50.8355858918228,5,79500.0,11.283524879179666,31724294.0,17.272593349095587,45.0,704984.3111111111,399.04772327044026,9.070499657768652,,,,,,32.21,3.5028510353886553,2940580.0,14.894117738838412,5.0,588116.0
ANMI,1,bajo,1,0,10,0,10,2.0,5.0,80.0,0.0,190717.77777777778,0.4444444444444444,1.0,2828.0,7.947678571301568,25041.0,10.128309694228893,8.854667609618105,0,2090.0,7.645397699428633,297975.0,12.604768225331519,9.0,33108.333333333336,142.57177033492823,11.019849418206707,,,,,,4.85,1.766441661243765,157520.0,11.96731406169306,5.0,31504.0
Zakyo,1,bajo,1,1,9,0,10,4.0,2.5,52.0,0.1,177314.75,0.125,0.875,3571.0,8.18088094199639,62129.0,11.03698424305774,17.398207784934193,0,4760.0,8.46821300919452,879382.0,13.686975804179701,34.0,25864.176470588234,184.74411764705883,4.216290212183436,,,,,,2.04,1.1118575154181303,106.0,4.672828834461906,1.0,106.0
Galindo,1,bajo,1,1,6,0,7,4.0,1.75,54.0,0.14285714285714285,163526.0,1.0,0.5,3882.0,8.264363329731667,63454.0,11.058086272244264,16.3456980937661,0,5700.0,8.648396877031582,705259.0,13.466321808132735,28.0,25187.821428571428,123.72964912280702,9.623545516769337,,,,,,88.0,4.48863636973214,8741.0,9.07589427542326,5.0,1748.2
Bluu,1,bajo,1,4,10,0,14,3.0,4.67,150.0,0.36363636363636365,159452.8,0.8,1.0,4911.0,8.499436469826978,84656.0,11.34636307758596,17.238037059661984,0,761.0,6.635946555686647,110906.0,11.616447291274342,20.0,5545.3,145.73718791064388,4.20807665982204,,,,,,7.68,2.1610215286722587,11618.0,9.360396968182862,5.0,2323.6
Dirty Suc,2,medio,2,5,4,0,9,4.0,2.25,152.0,1.0,178298.33333333334,0.16666666666666666,1.0,8925.0,9.096723645189215,276028.0,12.528261211643331,30.92750700280112,5,15300.0,9.635673464721814,6970124.0,15.757143716578764,145.0,48069.82068965517,455.563660130719,6.1738535249828885,0.0,0.0,1.0,10.0,1.0,9.28,2.330200260027019,9402.0,9.148784066277077,5.0,1880.4
Mda,2,medio,2,9,1,0,10,5.0,2.0,39.0,4.5,162635.16666666666,0.16666666666666666,1.0,24800.0,10.118639253920785,3500000.0,15.068273812173887,141.1290322580645,6,21200.0,9.961803629358965,13525398.0,16.42007988318589,220.0,61479.08181818182,637.9904716981132,10.349075975359343,4.222222222222222,0.0,1.0,9.0,1.0,65.08,4.190866129212723,136306.0,11.822664973665956,5.0,27261.2
El Bugg,2,medio,2,3,7,0,10,3.0,3.33,54.0,0.375,193578.0,1.0,1.0,19140.0,9.859587910246109,707600.0,13.469635654494581,36.96969696969697,3,17100.0,9.746892220313054,12624576.0,16.3511560276139,89.0,141849.16853932585,738.2792982456141,8.41615331964408,0.0,0.0,1.0,7.0,1.0,9.64,2.3646204839134985,12600.0,9.441531454869693,5.0,2520.0
yyy891,1,bajo,1,2,21,0,23,4.0,5.75,60.0,0.09090909090909091,219123.1,0.6,1.0,14655.0,9.592605086913911,1089805.0,13.901510256713337,74.3640395769362,5,17300.0,9.758519582283522,6238682.0,15.646279660377493,30.0,207956.06666666668,360.61745664739885,6.12457221081451,0.0,0.0,1.0,1.0,1.0,9.57,2.3580197998821464,632815.0,13.357934979565998,5.0,126563.0
cybernene,1,bajo,1,0,10,0,10,2.0,5.0,53.0,0.0,197901.0,0.375,1.0,8853.0,9.088624613292087,237766.0,12.379046481531708,26.85711058398283,0,9910.0,9.201400530406708,2259251.0,14.63054434301334,20.0,112962.55,227.9768920282543,5.002053388090349,0.0,0.0,1.0,1.0,1.0,7.02,2.081938421878423,491291.0,13.104793934694223,5.0,98258.2
Israel B,2,medio,2,3,5,0,8,7.0,1.14,537.0,0.5,157161.5,1.0,1.0,45296.0,10.72099608411258,1098544.0,13.909497134919969,24.252560932532674,5,151000.0,11.92504173829169,92395468.0,18.34158849861303,87.0,1062016.8735632184,611.8905165562913,7.455167693360712,1.6153846153846154,0.0,1.0,13.0,1.0,25.38,3.2726061472891685,772037.0,13.556789050593439,5.0,154407.4
yung brandy,1,bajo,1,4,6,0,10,3.0,3.33,135.0,0.5714285714285714,157015.0,0.875,0.625,3651.0,8.20303024171486,137494.0,11.831342831791225,37.65927143248425,5,990.0,6.898714534329988,60084.0,11.0035155053454,8.0,7510.5,60.69090909090909,4.85968514715948,,,,,,3.55,1.5151272329628591,52887.0,10.875931749013414,5.0,10577.4
Aleesha,2,medio,2,1,9,0,10,6.0,1.67,87.0,0.1,206344.4,0.2,1.0,28546.0,10.259307130753884,372014.0,12.826689455022995,13.032088558817348,3,102000.0,11.532737896139919,26853353.0,17.105901287318886,48.0,559444.8541666666,263.2681666666667,8.799452429842573,0.0,0.0,1.0,7.0,1.0,5.17,1.8196988379172965,453983.0,13.025817234111711,5.0,90796.6
GREKKY,1,bajo,1,0,8,0,8,2.0,4.0,150.0,0.0,145887.0,0.4444444444444444,0.5555555555555556,9515.0,9.160729871422848,90195.0,11.409740359169403,9.479243300052548,0,,,,,,,,,,,,,,0.0,0.0,,,,
BEJO,2,medio,2,5,3,0,8,9.0,0.89,187.0,1.25,212500.5,0.75,1.0,41002.0,10.621400513741305,1286814.0,14.067680731102195,31.38417638163992,5,395000.0,12.886643575525625,469.0,6.152732694704104,3.0,156.33333333333334,0.0011873417721518988,0.12867898699520877,0.4444444444444444,0.0,3.0,27.0,0.9259259259259259,52.42,3.9781852076818147,599688.0,13.304166466483789,5.0,119937.6
Choclock,3,alto,3,4,6,0,10,9.0,1.11,185.0,0.5714285714285714,198544.8,1.0,1.0,25876.0,10.16110982226658,685935.0,13.438539607895182,26.508540732725304,2,41900.0,10.643064971973882,54906.0,10.913396123923341,6.0,9151.0,1.3104057279236276,0.9336071184120466,0.0,0.0,2.0,3.0,0.6666666666666666,3.62,1.5303947050936475,29032.0,10.276188393050319,5.0,5806.4
WEST DUBAI,2,medio,2,2,18,0,20,8.0,2.5,52.0,0.10526315789473684,181506.9,0.7,1.0,6038.0,8.705993714307901,53488.0,10.887231304267347,8.858562437893342,0,124000.0,11.728044909070785,26754305.0,17.10220599031431,44.0,608052.3863636364,215.76052419354838,13.084188911704311,,,,,,22.32,3.1493113614822916,128217.0,11.761487219228986,5.0,25643.4
West Srk,1,bajo,1,0,10,0,10,4.0,2.5,117.0,0.0,164452.6,0.0,0.5,4911.0,8.499436469826978,60952.0,11.017858354370803,12.411321523111383,0,1840.0,7.518064181233078,108010.0,11.58998835277166,10.0,10801.0,58.70108695652174,10.60643394934976,,,,,,0.0,0.0,28980.0,10.274395721835582,5.0,5796.0
Kinder Malo,1,bajo,1,2,28,0,30,11.0,2.73,585.0,0.06896551724137931,224871.1,0.3,0.9,42069.0,10.647090176584566,1122148.0,13.930756154821804,26.673987972141006,5,57700.0,10.96302978336854,474152.0,13.069285333403531,5.0,94830.4,8.217538994800693,8.503764544832306,0.0,0.0,4.0,7.0,0.42857142857142855,10.43,2.4362414778067194,476970.0,13.075210971376585,5.0,95394.0
Cecilio G,1,bajo,1,10,16,0,26,12.0,2.17,34.0,0.5882352941176471,191529.0,1.0,0.6,1562.0,7.354362330421477,35439.0,10.475596404719017,22.688220230473753,3,108000.0,11.58989576532275,5050.0,8.527341522468053,6.0,841.6666666666666,0.04675925925925926,7.885010266940451,,,,,,21.94,3.1328821117012247,2221.0,7.706162970199576,5.0,444.2
Prok,2,medio,2,0,2,0,2,3.0,0.67,83.0,0.0,218942.5,1.0,1.0,9505.0,9.159678457173955,121040.0,11.703884610159768,12.734350341925303,5,,,,,,,,,13.0,,3.0,58.0,0.9310344827586207,9.81,2.3804716316511167,,,,
Ayax,2,medio,2,0,5,0,5,3.0,1.67,83.0,0.0,233885.0,1.0,1.0,8700.0,9.071193240566025,1700000.0,14.346139397261565,195.4022988505747,5,35200.0,10.468829770273567,3793528.0,15.148807278386379,3.0,1264509.3333333333,107.77068181818181,3.509924709103354,13.0,,3.0,58.0,0.9310344827586207,5.81,1.918392120161421,3218241.0,14.984345805695751,3.0,1072747.0
LaBlackie,3,alto,3,1,9,0,10,4.0,2.5,153.0,0.1,164916.8,0.6,0.6,19341.0,9.870034176276908,405779.0,12.913566419797041,20.98024921151957,5,18800.0,9.841665338892785,4318888.0,15.278508751218968,16.0,269930.5,229.728085106383,5.971252566735113,3.6,0.0,2.0,15.0,0.9333333333333333,1.89,1.0612565021243408,5502.0,8.613048677059759,5.0,1100.4
Faenna,1,bajo,1,1,19,0,20,4.0,5.0,95.0,0.05,189369.0,0.6666666666666666,1.0,7209.0,8.883224230278994,130847.0,11.781791623164368,18.150506311555002,2,49200.0,10.803669227477098,5723026.0,15.560008419185458,25.0,228921.04,116.32166666666667,3.5071868583162216,0.0,0.0,1.0,6.0,1.0,10.92,2.4782176616372036,236110.0,12.37205731241609,5.0,47222.0
Metrika,3,alto,3,2,8,0,10,3.0,3.33,123.0,0.2222222222222222,159041.2,1.0,0.6,36062.0,10.493022687972363,2291682.0,14.644797040096128,63.548388885807775,5,53100.0,10.879951039444416,24130615.0,16.99899196566327,117.0,206244.57264957266,454.43719397363463,9.385352498288844,2.269230769230769,0.0,3.0,52.0,0.9423076923076923,41.77,3.7558369222388173,1704817.0,14.34896891813408,5.0,340963.4
GlorySixVain,1,bajo,1,5,32,0,37,7.0,5.29,52.0,0.15151515151515152,161553.6,0.8,0.7,9973.0,9.207736986106068,494033.0,13.110359619712597,49.53705003509476,0,5720.0,8.651898894268529,2639290.0,14.78602087844758,109.0,24213.669724770643,461.4143356643357,8.49555099247091,,,,,,4.38,1.682688374173693,6852.0,8.832441791585824,5.0,1370.4
Oddliquor,2,medio,2,2,8,0,10,5.0,2.0,592.0,0.2222222222222222,169409.25,0.5,1.0,18161.0,9.807086778249774,470646.0,13.06186362279166,25.91520290732889,5,3050.0,8.02322468471667,571967.0,13.256838324741064,7.0,81709.57142857143,187.53016393442624,8.621492128678987,0.0,0.0,1.0,8.0,1.0,4.06,1.6213664832993742,350263.0,12.766442434849381,5.0,70052.6
Lil Mess,1,bajo,1,3,27,0,30,7.0,4.29,185.0,0.10714285714285714,197403.0,0.42857142857142855,0.8571428571428571,11252.0,9.328390038749998,256018.0,12.453006939457625,22.753110558123,0,1820.0,7.507141079727608,1145909.0,13.95170963914145,72.0,15915.402777777777,629.6203296703296,6.570841889117043,,,,,,3.91,1.5912739418064292,11058.0,9.31099985507536,5.0,2211.6
Rojuu,2,medio,2,5,5,0,10,5.0,2.0,66.0,0.8333333333333334,143360.25,0.25,0.5,148469.0,11.908138196614042,20208789.0,16.821628216236626,136.11453569432004,5,324000.0,12.688501881189456,103360003.0,18.453728636698255,89.0,1161348.3483146068,319.0123549382716,10.80082135523614,5.09,0.05,7.0,100.0,0.74,19.32,3.011605622710281,928717.0,13.741560419508005,5.0,185743.4
Barry B,3,alto,3,1,4,0,5,3.0,1.67,235.0,0.2,194001.75,0.0,0.5,31957.0,10.372177819699333,1104420.0,13.914831773707048,34.55956441468223,0,7200.0,8.881975184248867,4593920.0,15.340244465740266,4.0,1148480.0,638.0444444444445,3.0034223134839153,2.3255813953488373,0.06976744186046512,2.0,86.0,0.9767441860465116,44.04,3.807550983831435,5934.0,8.688622307043769,4.0,1483.5
Alizzz,3,alto,3,3,7,0,10,6.0,1.67,290.0,0.375,177951.2,0.4,0.6,111376.0,11.62067612196317,2525963.0,14.742133330009544,22.679598836374083,5,46500.0,10.747229096720554,21989681.0,16.906083901307692,43.0,511387.93023255817,472.89636559139785,12.487337440109513,4.782608695652174,0.08695652173913043,4.0,92.0,0.9347826086956522,13.94,2.7040421797046714,74247.0,11.215166120275228,5.0,14849.4
Gese Da O,1,bajo,1,3,7,0,10,10.0,1.0,298.0,0.375,191684.8,0.6,1.0,7252.0,8.889170455363413,121534.0,11.707957566123364,16.75868725868726,3,4850.0,8.486940148245216,1537922.0,14.245943362774925,20.0,76896.1,317.0973195876289,13.973990417522245,,,,,,0.0,0.0,51396.0,10.847335083981154,5.0,10279.2
Ergo Pro,2,medio,2,3,15,0,18,8.0,2.25,353.0,0.1875,190487.2857142857,0.5714285714285714,1.0,13543.0,9.51369892381297,488522.0,13.099141832263467,36.071919072583626,1,46700.0,10.751520856703959,296.0,5.6937321388027,7.0,42.285714285714285,0.006338329764453961,7.737166324435318,0.0,0.0,1.0,7.0,1.0,34.47,3.5686872687855304,78932.0,11.276354670341988,5.0,15786.4
Ill Pekeño,2,medio,2,1,9,0,10,8.0,1.25,383.0,0.1,186500.66666666666,0.6666666666666666,1.0,13833.0,9.53488460916053,652932.0,13.389229799625417,47.20104098893949,5,46700.0,10.751520856703959,1156392.0,13.960816235837243,37.0,31253.837837837837,24.762141327623127,2.674880219028063,2.1666666666666665,0.0,2.0,6.0,0.8333333333333334,8.7,2.272125885509337,90640.0,11.414661928297692,5.0,18128.0
Hoke,2,medio,2,2,8,0,10,7.0,1.43,516.0,0.2222222222222222,190066.25,0.75,0.75,29135.0,10.27972980196739,2622319.0,14.779569980100026,90.00580058349065,5,72000.0,11.184435286790631,36515504.0,17.41324752287362,19.0,1921868.6315789474,507.1597777777778,14.669404517453799,0.0,0.0,1.0,6.0,1.0,47.0,3.871201010907891,3222970.0,14.985814162928984,5.0,644594.0
Sara Socas,3,alto,3,1,9,0,10,7.0,1.43,52.0,0.1,181657.6,0.0,0.8,9734.0,9.1834829178063,85565.0,11.357043286964823,8.790322580645162,5,252000.0,12.437188334739655,10505717.0,16.167430238331114,25.0,420228.68,41.68935317460318,11.66050650239562,0.0,0.0,1.0,29.0,1.0,18.64,2.97756830292632,146188.0,11.892655584069106,5.0,29237.6
Mvros,1,bajo,1,0,10,0,10,3.0,3.33,325.0,0.0,194509.0,0.3333333333333333,1.0,426.0,6.056784013228625,2086.0,7.643482907077201,4.896713615023474,0,1410.0,7.252053951852814,386172.0,12.864040734569882,22.0,17553.272727272728,273.88085106382977,3.356605065023956,,,,,,0.0,0.0,12027.0,9.394992544108419,5.0,2405.4
MARCE,1,bajo,1,0,10,0,10,1.0,10.0,24.0,0.0,313548.0,1.0,1.0,3618.0,8.193953023563742,16007.0,9.68084387626357,4.424267551133223,5,24800.0,10.118639253920785,5644170.0,15.54613388915711,198.0,28505.909090909092,227.5875,3.436002737850787,,,,,,50.53,3.942164162340133,3499.0,8.160518247477505,5.0,699.8
Dlomalo,1,bajo,1,0,10,0,10,1.0,10.0,88.0,0.0,184998.0,0.625,1.0,1380.0,7.2305631534092925,12146.0,9.404837504700271,8.80144927536232,0,1530.0,7.333676395657684,308247.0,12.638659932765478,12.0,25687.25,201.4686274509804,1.8124572210814511,,,,,,4.21,1.6505798557652755,149053.0,11.912063935378125,5.0,29810.6
Chiche Nieto,1,bajo,1,0,14,0,14,5.0,2.8,52.0,0.0,173148.0,0.42857142857142855,0.8571428571428571,3837.0,8.252706676567644,19994.0,9.90323752128092,5.210841803492312,0,9350.0,9.143238568435446,3857238.0,15.16546220052857,36.0,107145.5,412.5388235294118,8.02464065708419,,,,,,2.13,1.1410330045520618,56224.0,10.937116776827516,5.0,11244.8
KG970,1,bajo,1,2,8,0,10,6.0,1.67,431.0,0.2222222222222222,193648.0,0.6,0.6,20965.0,9.950657357012519,486239.0,13.09445760815062,23.192892916766038,5,175000.0,12.07254696717504,65853133.0,18.00293757803548,36.0,1829253.6944444445,376.30361714285715,5.653661875427789,,,,,,3.7,1.547562508716013,435499.0,12.984250075274694,5.0,87099.8
Samuel SLZR,1,bajo,1,3,7,0,10,6.0,1.67,955.0,0.375,171783.57142857142,0.42857142857142855,0.7142857142857143,6724.0,8.81358720447004,168266.0,12.033307282521635,25.02468768590125,0,80900.0,11.300981463909618,46752077.0,17.660369261908993,82.0,570147.2804878049,577.8995920889988,7.1594798083504445,,,,,,6.58,2.0255131996542803,495281.0,13.112882576304813,5.0,99056.2
John Pollõn,2,medio,2,0,20,0,20,6.0,3.33,46.0,0.0,172617.75,0.125,0.375,23810.0,10.077902937758985,1147647.0,13.953225188635002,48.20020999580009,5,13500.0,9.510519035757246,9051452.0,16.018435855275126,37.0,244633.83783783784,670.4779259259259,6.652977412731006,,,,,,14.02,2.7093826463359885,193299.0,12.171998665196423,5.0,38659.8
Shoda Monkas,1,bajo,1,3,7,0,10,8.0,1.25,151.0,0.375,188546.6,0.0,0.8,9139.0,9.120415664448196,288489.0,12.572415702284488,31.5668016194332,5,35800.0,10.485731104959568,18097655.0,16.711292985087418,1.0,18097655.0,505.52108938547485,7.734428473648186,0.0,0.0,1.0,2.0,1.0,2.17,1.1537315878891892,592.0,6.385194398997726,1.0,592.0
La Zowi,3,alto,3,3,7,0,10,10.0,1.0,152.0,0.375,175727.0,1.0,0.8,69128.0,11.1437296033349,2723500.0,14.81742874298039,39.39792848049994,5,151000.0,11.92504173829169,65522200.0,17.997899589740957,26.0,2520084.6153846155,433.92185430463576,4.8405201916495555,10.28,0.0,10.0,100.0,0.78,36.08,3.6130777406976544,617957.0,13.334175772965315,5.0,123591.4
Albany,3,alto,3,3,7,0,10,5.0,2.0,38.0,0.375,167061.0,0.3333333333333333,0.6666666666666666,41535.0,10.634315800063762,1315315.0,14.089587498908086,31.66762970988323,5,59500.0,10.993748398115178,23073826.0,16.9542095028249,47.0,490932.4680851064,387.7953949579832,11.091033538672143,,,1.0,19.0,1.0,51.91,3.9685923569160404,1524615.0,14.237253133037193,5.0,304923.0
Soto Asa,3,alto,3,5,5,0,10,8.0,1.25,739.0,0.8333333333333334,203958.75,0.5,0.5,70986.0,11.17025204066731,4061493.0,15.217061444185338,57.21540867213253,5,158000.0,11.970356641102999,180375732.0,19.010552638806114,125.0,1443005.856,1141.6185569620254,14.896646132785763,0.4418604651162791,0.0,4.0,43.0,0.9302325581395349,27.66,3.3555024224000256,643242.0,13.374277847846146,5.0,128648.4
Pedro LaDroga,2,medio,2,6,3,0,9,12.0,0.75,52.0,1.5,207023.6,0.6,1.0,22984.0,10.042597108240328,1527869.0,14.239385166555188,66.4753306648103,5,28100.0,10.243560441877241,9652253.0,16.082702021170277,66.0,146246.25757575757,343.4965480427046,7.340177960301164,0.0,0.0,1.0,13.0,1.0,3.87,1.5830939370944985,151508.0,11.928400308107692,5.0,30301.6
Faxu,1,bajo,1,3,7,0,10,7.0,1.43,341.0,0.375,139727.8,0.8,0.9,14637.0,9.591376166161172,610336.0,13.321766542616587,41.698162191705954,5,3860.0,8.258681496264236,61941.0,11.033953742318143,12.0,5161.75,16.046891191709843,7.545516769336071,,,,,,0.0,0.0,6596.0,8.794370279222871,5.0,1319.2
Funzo & Baby Loud,3,alto,3,2,8,0,10,8.0,1.25,822.0,0.2222222222222222,189291.6,0.0,0.4,30527.0,10.326399574248013,1214634.0,14.009954178101571,39.78884266387133,4,366.0,5.905361848054571,18937042.0,16.75663050892948,80.0,236713.025,51740.551912568306,6.009582477754963,1.7333333333333334,0.0,1.0,30.0,1.0,1.89,1.0612565021243408,112199.0,11.628038272070732,5.0,22439.8
Nico Miseria,2,medio,2,6,4,0,10,7.0,1.43,201.0,1.2,217854.2,0.8,0.4,21659.0,9.983222520554982,1356957.0,14.120755987711643,62.650953414285055,5,28800.0,10.268165387743457,9652100.0,16.082686169824818,390.0,24748.97435897436,335.1423611111111,18.360027378507873,0.0,0.0,1.0,10.0,1.0,6.77,2.050270164379556,10124.0,9.22276289197474,5.0,2024.8
Allan Parrish,1,bajo,1,0,2,0,2,4.0,0.5,1309.0,0.0,199236.7,0.5,1.0,503.0,6.222576268071369,2881.0,7.966239776559467,5.727634194831014,0,726.0,6.588926477533519,25657.0,10.152610692809285,7.0,3665.285714285714,35.34022038567493,15.685147159479808,,,,,,0.0,0.0,21640.0,9.982344942613622,5.0,4328.0
Nickzzy,2,medio,2,1,9,0,10,5.0,2.0,186.0,0.1,309709.4,0.4,0.8,21194.0,9.961520583786738,397865.0,12.893870544158903,18.772529961309804,4,207000.0,12.240478903153711,66624964.0,18.014589915121814,66.0,1009469.1515151515,321.859729468599,5.278576317590692,,,,,,4.08,1.6253112615903906,10365.0,9.246286498749653,5.0,2073.0
vatocholo,3,alto,3,0,10,0,10,5.0,2.0,486.0,0.0,157114.7,0.2,0.6,8198.0,9.011767474596178,73800.0,11.209127560632263,9.002195657477433,3,1320.0,7.186144304522325,236197.0,12.372425715309042,6.0,39366.166666666664,178.9371212121212,3.8466803559206024,0.0,0.0,1.0,9.0,1.0,0.0,0.0,42113.0,10.648135505958477,5.0,8422.6
Ben Yart,2,medio,2,2,8,0,10,5.0,2.0,591.0,0.2222222222222222,182677.83333333334,0.6666666666666666,1.0,18383.0,9.819236000088537,578740.0,13.268610333505727,31.482347821356687,5,21000.0,9.952325334619427,6643559.0,15.709158522356777,39.0,170347.66666666666,316.3599523809524,12.46817248459959,0.0,0.0,2.0,14.0,0.9285714285714286,16.36,2.854168709232204,191021.0,12.16014388364176,5.0,38204.2
Raul Clyde,3,alto,3,4,6,0,10,5.0,2.0,66.0,0.5714285714285714,191510.0,0.8,0.8,32634.0,10.393140611069319,1241432.0,14.031776915498655,38.0410614696329,2,28200.0,10.247112717290387,21503632.0,16.883732455567117,76.0,282942.5263157895,762.5401418439716,4.887063655030801,0.0,0.0,1.0,2.0,1.0,12.83,2.626840145676667,557615.0,13.231425832421365,5.0,111523.0
Enry-k,2,medio,2,2,9,0,11,6.0,1.83,815.0,0.2,186359.0,0.0,1.0,15115.0,9.62350906446938,478303.0,13.07800179258554,31.644260668210386,1,15400.0,9.642187721358466,6080203.0,15.620548806011051,33.0,184248.57575757575,394.81837662337665,10.521560574948666,0.0,0.0,1.0,3.0,1.0,2.0,1.0986122886681098,277946.0,12.535185727015218,5.0,55589.2
Daniela Garsal,1,bajo,1,0,10,0,10,4.0,2.5,60.0,0.0,222189.2,0.2,1.0,4124.0,8.324821298768782,25180.0,10.133845020868533,6.105722599418041,2,5270.0,8.569975376855206,760882.0,13.542234879951565,28.0,27174.35714285714,144.37988614800759,8.112251882272416,,,,,,2.53,1.2612978709452054,301412.0,12.616236696294804,5.0,60282.4
Cocco Lexa,2,medio,2,0,10,0,10,9.0,1.11,52.0,0.0,167079.77777777778,0.2222222222222222,0.3333333333333333,11109.0,9.315600882633676,163769.0,12.006218283443912,14.742010982086596,0,48900.0,10.797553125151618,38701429.0,17.471387108221734,173.0,223707.68208092486,791.4402658486707,9.232032854209445,0.0,0.0,1.0,2.0,1.0,2.11,1.1346227261911428,118782.0,11.685053578028139,5.0,23756.4
Gloosito,2,medio,2,3,6,0,9,5.0,1.8,70.0,0.42857142857142855,149643.75,0.5,1.0,39768.0,10.590842993304264,5232431.0,15.470386737517895,131.57390364111848,5,63500.0,11.05881093278828,32049797.0,17.282801438658986,74.0,433105.36486486485,504.7212125984252,10.746064339493497,0.058823529411764705,0.0,3.0,17.0,0.8823529411764706,26.75,3.3232358401924436,500018.0,13.122401376682348,5.0,100003.6
mvrk,3,alto,3,2,8,0,10,3.0,3.33,353.0,0.2222222222222222,161535.85714285713,0.14285714285714285,0.5714285714285714,29000.0,10.275085591132715,2100000.0,14.557448378884015,72.41379310344827,3,27300.0,10.214678610538817,11168011.0,16.22856417848228,56.0,199428.76785714287,409.084652014652,3.7262149212867897,8.2,0.0,1.0,5.0,1.0,33.87,3.5516268606875596,584030.0,13.277709342593335,5.0,116806.0
Vera GRV,2,medio,2,1,9,0,10,3.0,3.33,362.0,0.1,182853.0,0.0,1.0,11275.0,9.330431852234003,114549.0,11.648766687881642,10.159556541019956,0,11200.0,9.32375833901174,3388908.0,15.036018598650042,42.0,80688.28571428571,302.5810714285714,8.676249144421629,0.0,0.0,1.0,10.0,1.0,3.17,1.4279160358107101,58245.0,10.97243069954219,5.0,11649.0
Slappy Av,1,bajo,1,6,4,0,10,4.0,2.5,89.0,1.2,163949.5,0.3333333333333333,0.8333333333333334,9786.0,9.18881025342582,560639.0,13.236834267290108,57.28990394441038,5,4980.0,8.513385953073284,1321911.0,14.094589731368787,87.0,15194.379310344828,265.44397590361444,8.054757015742641,,,,,,2.28,1.1878434223960523,17644.0,9.77820773610937,5.0,3528.8
Hecky,1,bajo,1,2,20,0,22,6.0,3.67,158.0,0.09523809523809523,160332.7,0.9,0.5,7106.0,8.868835492826895,179384.0,12.097289613071018,25.24401913875598,0,23400.0,10.060534035475412,12301100.0,16.32519932853179,54.0,227798.14814814815,525.6880341880342,11.994524298425736,,,,,,20.11,3.0497468618602293,518470.0,13.158639374518598,5.0,103694.0
céro,2,medio,2,0,9,0,9,3.0,3.0,207.0,0.0,150722.4,0.0,0.2,23070.0,10.046331696565609,547785.0,13.21363997871199,23.7444733420026,5,22300.0,10.012386799492118,17260954.0,16.663957572332233,31.0,556804.9677419355,774.0338116591928,3.468856947296372,,,,,,4.32,1.6714733033535532,91281.0,11.421708894900656,5.0,18256.2
Dollar Selmouni,3,alto,3,2,8,0,10,10.0,1.0,60.0,0.2222222222222222,178667.2,0.4,0.8,14142.0,9.5569750810205,210772.0,12.258537003954492,14.903973978220902,5,253000.0,12.441148720271016,46949902.0,17.664591697588722,54.0,869442.6296296297,185.5727351778656,10.94592744695414,1.4,0.0,1.0,20.0,1.0,7.49,2.138889000323256,362325.0,12.80029963803999,5.0,72465.0
Eflexx,1,bajo,1,2,13,0,15,7.0,2.14,340.0,0.14285714285714285,144434.0,0.5714285714285714,1.0,6900.0,8.839421607620602,130356.0,11.778032119492458,18.89217391304348,1,2100.0,7.650168700845001,534509.0,13.189105718346125,10.0,53450.9,254.52809523809523,7.4661190965092405,,,,,,1.89,1.0612565021243408,332346.0,12.713934882800434,5.0,66469.2
Baby Loud,1,bajo,1,1,1,0,2,1.0,2.0,95.0,0.5,186036.66666666666,0.3333333333333333,0.0,1446.0,7.277247726631484,17737.0,9.783464509936397,12.266251728907331,0,2670.0,7.890208213109961,936696.0,13.750115136459094,20.0,46834.8,350.82247191011237,1.1498973305954825,,,,,,15.66,2.8130106367386967,233711.0,12.361844867090593,5.0,46742.2
Zeno El Faraón,1,bajo,1,0,10,0,10,9.0,1.11,38.0,0.0,195196.625,0.5,0.875,133.0,4.897839799950911,267.0,5.5909869805108565,2.007518796992481,0,1910.0,7.555381944240273,238712.0,12.383017272511303,41.0,5822.243902439024,124.98010471204188,11.540041067761807,,,,,,0.0,0.0,5018.0,8.520985989654934,5.0,1003.6
Sticky M.A.,3,alto,3,5,5,0,10,8.0,1.25,133.0,0.8333333333333334,198673.2,0.4,1.0,55293.0,10.920419682528133,5287462.0,15.480849104676253,95.6262456368799,5,107000.0,11.580593459194764,65940105.0,18.004257403128555,3.0,21980035.0,616.2626635514018,4.503764544832307,1.21875,0.0,4.0,32.0,0.90625,0.0,0.0,45692.0,10.729700392283613,3.0,15230.666666666666
BabyMurda,1,bajo,1,1,6,0,7,4.0,1.75,48.0,0.14285714285714285,153875.6,0.9,1.0,2304.0,7.742835955430749,65342.0,11.087405597783338,28.360243055555557,5,3000.0,8.006700845440367,607211.0,13.316633267714124,16.0,37950.6875,202.40366666666668,4.492813141683778,,,,,,0.0,0.0,7327.0,8.899457906353966,5.0,1465.4
Munic HB,1,bajo,1,2,8,0,10,6.0,1.67,346.0,0.2222222222222222,185487.0,0.8,0.2,18720.0,9.837401167408268,388279.0,12.869482007826162,20.741399572649573,5,173000.0,12.06105265381003,40627527.0,17.51995642437042,75.0,541700.36,234.8411965317919,6.3408624229979464,,,,,,3.75,1.55814461804655,187242.0,12.140162517503127,5.0,37448.4
roomtrash6,1,bajo,1,1,19,0,20,3.0,6.67,146.0,0.05,162478.6,0.4,0.6,15023.0,9.617404201448045,599104.0,13.3031921538893,39.87911868468348,0,9890.0,9.199380531739841,3959416.0,15.191607350170186,41.0,96571.12195121951,400.3453993933266,3.457905544147844,,,,,,1.89,1.0612565021243408,55709.0,10.92791494301486,5.0,11141.8
Galera,1,bajo,1,1,4,0,5,2.0,2.5,54.0,0.2,138244.4,0.6,0.2,2041.0,7.621684998724611,14903.0,9.609384912281424,7.301812836844684,2,156.0,5.056245805348308,7364.0,8.90449432889673,7.0,1052.0,47.205128205128204,2.1190965092402463,,,,,,65.23,4.193133532496888,4266.0,8.358666283188,5.0,853.2
7loseey,1,bajo,1,2,9,0,11,2.0,5.5,46.0,0.2,139835.5,0.5,0.6,6635.0,8.800264651310336,150223.0,11.91988279249833,22.640994724943482,0,3580.0,8.183397369998433,1047784.0,13.86218897014468,1.0,1047784.0,292.67709497206704,0.758384668035592,,,,,,3.3,1.4586150226995167,10487.0,9.257987025443535,1.0,10487.0
Lacuei,1,bajo,1,1,3,0,4,1.0,4.0,176.0,0.25,145798.3,0.0,1.0,1956.0,7.579167967396076,56848.0,10.948153908874458,29.063394683026583,0,1780.0,7.484930283289661,97386.0,11.48644801049681,3.0,32462.0,54.71123595505618,14.617385352498289,,,,,,3.36,1.4724720573609429,98161.0,11.494374454075354,3.0,32720.333333333332
Dawaira,1,bajo,1,0,10,0,10,7.0,1.43,340.0,0.0,197186.0,0.3333333333333333,0.6666666666666666,3752.0,8.23031079913502,54189.0,10.90025166856016,14.44269722814499,3,8090.0,8.99850761180784,1343041.0,14.110447748285177,26.0,51655.42307692308,166.0124845488257,13.6290212183436,,,,,,1.89,1.0612565021243408,50383.0,10.827428943340806,5.0,10076.6
nusar3000,2,medio,2,2,8,0,10,4.0,2.5,297.0,0.2222222222222222,160241.4,0.1,0.6,57121.0,10.952944610406092,1076932.0,13.88962774436126,18.853521471963028,1,5780.0,8.662331957082475,1267618.0,14.052650895642076,17.0,74565.76470588235,219.31107266435987,4.421629021218344,3.1666666666666665,0.0,1.0,12.0,1.0,2.32,1.199964782928397,229571.0,12.343971984771382,5.0,45914.2
Yung Beef,3,alto,3,8,2,0,10,12.0,0.83,95.0,2.6666666666666665,242542.0,0.8,1.0,146728.0,11.896342626939415,18960179.0,16.757851548416973,129.2199103102339,5,509000.0,13.140205260167273,143803128.0,18.783955762402528,441.0,326084.1904761905,282.52088015717095,12.405201916495551,7.173913043478261,0.021739130434782608,4.0,46.0,0.8043478260869565,41.66,3.753261713043204,222320.0,12.31187756242714,5.0,44464.0
Dellafuente,3,alto,3,7,3,0,10,11.0,0.91,703.0,1.75,201464.4,0.0,0.4,133296.0,11.800335000287138,5624906.0,15.542714972584747,42.19861061097107,5,584000.0,13.277657974137664,545199100.0,20.11666160884912,209.0,2608608.133971292,933.5601027397261,13.908281998631075,5.111111111111111,0.0,1.0,36.0,1.0,10.79,2.4672517145492794,100438.0,11.517305857029207,5.0,20087.6
Natos y Waor,3,alto,3,4,6,0,10,14.0,0.71,122.0,0.5714285714285714,201539.0,0.16666666666666666,0.8333333333333334,52965.0,10.877405477245077,2858546.0,14.865824011740951,53.97047106579817,5,1010000.0,13.825461878915961,908151320.0,20.626921575764186,404.0,2247899.306930693,899.1597227722772,18.666666666666668,3.825,0.0125,3.0,80.0,0.975,12.75,2.6210388241125804,2041445.0,14.529168938253061,5.0,408289.0
Recycled J,3,alto,3,3,7,0,10,7.0,1.43,248.0,0.375,205255.0,1.0,1.0,44116.0,10.694600474682053,2400425.0,14.691156779566914,54.41166470214888,5,218000.0,12.292254928916668,129570588.0,18.67973637940002,149.0,869601.2617449665,594.360495412844,12.010951403148528,3.808219178082192,0.0,3.0,73.0,0.9726027397260274,23.11,3.1826266921930797,968134.0,13.783126819344599,5.0,193626.8
Rels B,3,alto,3,7,3,0,10,10.0,1.0,332.0,1.75,183918.8,0.4,0.6,404442.0,12.910266090841755,27487239.0,17.12923245495549,67.96336433901524,5,5440000.0,15.509289802655639,458022.0,13.034674680176035,4.0,114505.5,0.0841952205882353,1.4976043805612593,6.44,0.01,12.0,100.0,0.57,31.43,3.4790839203192268,421648.0,12.951928493364733,2.0,210824.0
Elio Toffana,2,medio,2,4,6,0,10,20.0,0.5,396.0,0.5714285714285714,266938.8,0.8,1.0,16169.0,9.690912952571152,452581.0,13.022724241174192,27.99066114169089,5,36600.0,10.50783084142058,12663218.0,16.35421220776318,59.0,214630.81355932204,345.9895628415301,10.921286789869953,0.0,0.0,1.0,3.0,1.0,2.75,1.3217558399823195,638066.0,13.366198572487148,5.0,127613.2
Cruz Cafuné,3,alto,3,4,6,0,10,9.0,1.11,571.0,0.5714285714285714,206524.66666666666,0.3333333333333333,0.6666666666666666,96919.0,11.481641174930463,9506716.0,16.067509159358398,98.08929105748099,5,233000.0,12.358798024384122,181608247.0,19.01736244160228,112.0,1621502.205357143,779.4345364806867,10.694045174537989,1.3142857142857143,0.02857142857142857,5.0,35.0,0.8857142857142857,24.13,3.2240623515555007,1918926.0,14.467276733620103,5.0,383785.2
Lucho RK,3,alto,3,0,10,0,10,4.0,2.5,52.0,0.0,183731.44444444444,0.2222222222222222,0.8888888888888888,32821.0,10.398854301239574,1403790.0,14.154686992088225,42.77109167910789,1,52600.0,10.87049040995193,29767082.0,17.208913743642956,39.0,763258.5128205129,565.9141064638783,9.437371663244353,0.0,0.0,1.0,13.0,1.0,21.79,3.126321843257593,3291013.0,15.006706281942561,5.0,658202.6
Maikel Delacalle,3,alto,3,1,9,0,10,10.0,1.0,39.0,0.1,220391.0,0.0,0.8,87118.0,11.375030279120395,1113003.0,13.92257322414161,12.775809821162103,5,1050000.0,13.864301674514206,526822110.0,20.082373499238084,48.0,10975460.625,501.7353428571429,10.989733059548255,3.389830508474576,0.0,3.0,59.0,0.9661016949152542,4.57,1.7173950539391927,902919.0,13.713389234897514,5.0,180583.8
La Pantera,3,alto,3,1,8,0,9,4.0,2.25,185.0,0.1111111111111111,197454.0,0.0,1.0,72592.0,11.192623777431521,1601559.0,14.286488712206237,22.062472448754683,0,211000.0,12.259618151783465,223941225.0,19.22689419146206,62.0,3611955.2419354836,1061.3328199052132,5.768651608487337,0.0,0.0,1.0,4.0,1.0,48.08,3.8934516198427107,5390122.0,15.500078762661913,5.0,1078024.4
Delaossa,3,alto,3,3,7,0,10,7.0,1.43,424.0,0.375,246294.75,0.0,1.0,66792.0,11.109353563614675,2800276.0,14.845228898823752,41.92532039765241,5,122000.0,11.711784520403112,85774199.0,18.267228819938392,65.0,1319603.0615384616,703.0672049180328,4.670773442847365,0.0,0.0,2.0,31.0,0.967741935483871,26.19,3.3028492586443794,950227.0,13.76445723478133,5.0,190045.4
Bad Gyal,3,alto,3,5,5,0,10,10.0,1.0,74.0,0.8333333333333334,180745.4,0.6,0.6,448307.0,13.01323577517726,26065634.0,17.076128338059085,58.14237564882993,5,1560000.0,14.260197020251155,1479926926.0,21.115258549854868,66.0,22423135.242424242,948.6711064102564,10.193018480492814,23.19,0.02,17.0,100.0,0.59,24.28,3.2300135692786567,3521951.0,15.074525939325316,5.0,704390.2
Camin,2,medio,2,3,7,0,10,6.0,1.67,53.0,0.375,186421.2,0.4,1.0,18400.0,9.820160289946374,301400.0,12.616196883019061,16.380434782608695,0,316000.0,12.663500657121004,314692300.0,19.56710589716594,97.0,3244250.5154639175,995.8617088607594,8.71731690622861,,,,,,50.75,3.9464244321454784,716926.0,13.48272930128827,5.0,143385.2
Xiyo,2,medio,2,1,9,0,10,3.0,3.33,47.0,0.1,211562.25,0.875,1.0,22884.0,10.038236953087743,725548.0,13.494683888653524,31.705471071490997,0,21400.0,9.97119292889014,23441499.0,16.970018513799673,18.0,1302305.5,1095.3971495327103,3.7234770704996576,,,,,,,,658496.0,13.39771524434644,5.0,131699.2
Fernandezz,2,medio,2,0,0,0,0,,,,0.0,,,,37.0,3.6375861597263857,126.0,4.844187086458591,3.4054054054054053,0,21400.0,9.97119292889014,23441499.0,16.970018513799673,18.0,1302305.5,1095.3971495327103,3.7234770704996576,,,,,,6.66,2.0360119837525,658496.0,13.39771524434644,5.0,131699.2
8belial,2,medio,2,2,15,0,17,3.0,5.67,80.0,0.125,184890.6,0.2,0.8,38585.0,10.560644795362919,3131963.0,14.957170841773898,81.17048075677077,2,30400.0,10.322230781590136,25901252.0,17.06980190387795,21.0,1233392.9523809524,852.0148684210526,2.223134839151266,12.5,0.0,1.0,2.0,1.0,45.89,3.847804433101495,2342289.0,14.666639641263943,5.0,468457.8
Beny Jr,3,alto,3,9,1,0,10,6.0,1.67,140.0,4.5,181298.14285714287,0.2857142857142857,0.42857142857142855,152943.0,11.937827120303544,10935718.0,16.207544962103352,71.50191901558097,5,883000.0,13.691081612088286,538642970.0,20.104563517929442,170.0,3168488.0588235296,610.0146885617214,9.084188911704311,0.7,0.05,3.0,20.0,0.8,42.32,3.76861442213279,1827607.0,14.418518565987128,5.0,365521.4
Morad,3,alto,3,3,7,0,10,7.0,1.43,47.0,0.375,224664.0,1.0,1.0,204350.0,12.227594382545412,9140998.0,16.02828023723873,44.73206753119648,5,3650000.0,15.11023799953124,1354368.0,14.11884622117527,32.0,42324.0,0.3710597260273973,6.584531143052704,2.0,0.0,2.0,8.0,0.875,27.66,3.3555024224000256,19744.0,9.89065557372075,5.0,3948.8
SAIKO,3,alto,3,2,8,0,10,5.0,2.0,82.0,0.2222222222222222,237152.2,0.6,0.8,359900.0,12.79358427261286,9300000.0,16.04552506565036,25.840511253125868,3,605000.0,13.312985389904174,596809433.0,20.207108414369635,110.0,5425540.3,986.4618727272727,6.16290212183436,,,,,,30.62,3.453789831781326,60442.0,11.009456051157498,5.0,12088.4
Kristina,2,medio,2,0,8,0,8,4.0,2.0,87.0,0.0,220945.75,0.5,1.0,15690.0,9.660842578559068,256491.0,12.45485275402275,16.347418738049715,5,6100.0,8.716207971151853,1045547.0,13.860051707844292,32.0,32673.34375,171.4011475409836,11.427789185489392,,,,,,50.79,3.9471970804358,127509.0,11.755950071877587,5.0,25501.8
l0rna,2,medio,2,1,9,0,10,4.0,2.5,80.0,0.1,141819.0,0.5,0.5,15236.0,9.631481959469355,600255.0,13.30511150986861,39.397151483328955,0,31800.0,10.367253014814716,13785807.0,16.439150215158257,53.0,260109.56603773584,433.5159433962264,12.361396303901437,6.1,0.0,1.0,30.0,1.0,39.87,3.7103962975761857,731348.0,13.502646052979918,5.0,146269.6
Quevedo,3,alto,3,2,8,0,10,5.0,2.0,59.0,0.2222222222222222,213508.6,0.0,0.4,382298.0,12.853958303934288,23136074.0,16.95690364563662,60.518428032581916,5,2290000.0,14.64406281221155,1846846169.0,21.336745248284615,69.0,26765886.507246375,806.483043231441,5.90280629705681,7.527027027027027,0.0,16.0,74.0,0.6081081081081081,43.53,3.796163119333611,665910.0,13.408911306959123,5.0,133182.0
D.Valentino,2,medio,2,6,4,0,10,4.0,2.5,93.0,1.2,156181.0,0.4,0.6,12773.0,9.455167134121535,914123.0,13.72572150863036,71.56682063728177,2,14300.0,9.568084743872936,10825581.0,16.197422594841754,48.0,225532.9375,757.0336363636363,5.360711841204655,0.0,0.0,1.0,3.0,1.0,7.64,2.1564025828159643,2338187.0,14.664886828388747,5.0,467637.4
Ralphie Choo,3,alto,3,1,9,0,10,6.0,1.67,129.0,0.1,170916.4,0.0,1.0,115368.0,11.655890966119186,4633848.0,15.348898398204014,40.165799875182024,5,28500.0,10.25769445336048,10228972.0,16.140734741881452,32.0,319655.375,358.91129824561403,6.496919917864476,3.6545454545454548,0.03636363636363636,10.0,55.0,0.7272727272727273,29.68,3.4236109764990554,291372.0,12.582359512307637,5.0,58274.4
AKRIILA,2,medio,2,3,7,0,10,5.0,2.0,368.0,0.375,194208.55555555556,0.3333333333333333,0.8888888888888888,106666.0,11.577467111102917,9327744.0,16.048503850149004,87.44814655091594,5,66800.0,11.109473329472568,14328807.0,16.477782614209147,38.0,377073.86842105264,214.50309880239521,5.749486652977413,8.693877551020408,0.0,7.0,49.0,0.10204081632653061,2.36,1.2119409739751128,3855097.0,15.164906986186924,5.0,771019.4
rusowsky,3,alto,3,1,9,0,10,6.0,1.67,73.0,0.1,177720.0,0.0,0.6,336265.0,12.725657792409242,14290821.0,16.475128070994856,42.49868704741796,5,106000.0,11.571203807011969,65891952.0,18.003526882760344,38.0,1733998.7368421052,621.6221886792453,8.229979466119097,4.134328358208955,0.014925373134328358,11.0,67.0,0.6417910447761194,26.43,3.311637304949512,1624698.0,14.300833125819407,5.0,324939.6
Maka,3,alto,3,10,10,0,20,12.0,1.67,416.0,0.9090909090909091,182399.8,0.0,0.4,28783.0,10.267574956190314,530255.0,13.181115187780167,18.42250634054824,5,3810.0,8.24564690087386,926267.0,13.738918888601992,21.0,44107.95238095238,243.11469816272967,6.261464750171116,,,,,,53.25,3.993602992420569,328538.0,12.702410831321155,5.0,65707.6
RVFV,3,alto,3,2,19,0,21,9.0,2.33,73.0,0.1,,,,287840.0,12.570163523330631,4793990.0,15.38287381662802,16.655051417454143,5,1340000.0,14.108180918195472,951403381.0,20.673448696717543,78.0,12197479.243589744,710.0025231343284,9.648186173853524,0.0,0.0,1.0,22.0,1.0,32.92,3.5240048109237025,6531244.0,15.692108141578826,5.0,1306248.8
Don Patricio,2,medio,2,2,8,0,10,9.0,1.11,1768.0,0.2222222222222222,195314.5,0.25,0.75,100657.0,11.519483911267475,1396508.0,14.149486109029738,13.873928291127294,5,663000.0,13.404531777462488,397102418.0,19.799704787747494,50.0,7942048.36,598.9478401206636,10.220396988364135,3.8536585365853657,0.0,2.0,41.0,0.9512195121951219,19.89,3.0392705755684744,1966753.0,14.491895026001547,5.0,393350.6
Nyno Vargas,2,medio,2,3,7,0,10,11.0,0.91,80.0,0.375,202024.0,0.0,0.6,19385.0,9.872306435052554,154538.0,11.948201770650021,7.972040237296879,5,706000.0,13.467371932904971,624857824.0,20.253034701823175,158.0,3954796.35443038,885.0677393767705,11.039014373716633,0.0,0.0,1.0,1.0,1.0,39.19,3.6936182084611096,119751.0,11.693178216595072,5.0,23950.2
sen senra,2,medio,2,6,4,0,10,9.0,1.11,332.0,1.2,195513.8,0.0,0.6,163577.0,12.005045219780673,6990258.0,15.760028166456312,42.7337461868111,5,151000.0,11.92504173829169,96072890.0,18.38061774257393,68.0,1412836.6176470588,636.2443046357616,11.53182751540041,5.308641975308642,0.0,9.0,81.0,0.7530864197530864,33.4,3.5380565643793527,35450.0,10.475906740307126,5.0,7090.0
Natalia Lacunza,2,medio,2,4,6,0,10,7.0,1.43,179.0,0.5714285714285714,183392.6,0.0,0.8,117435.0,11.673648783322784,3834820.0,15.159633316335626,32.65483033167284,5,247000.0,12.417147664184915,94998763.0,18.369374438953862,15.0,6333250.866666666,384.61037651821863,9.32785763175907,6.31,0.04,2.0,100.0,0.97,27.64,3.3548043420924447,79315.0,11.281195152718697,5.0,15863.0
Lia Kali,3,alto,3,2,8,0,10,3.0,3.33,409.0,0.2222222222222222,186267.0,0.0,1.0,23412.0,10.061046702637492,439818.0,12.994118557624848,18.786007175807278,4,222000.0,12.310437165348775,129928252.0,18.682492956066994,59.0,2202173.7627118644,585.2623963963964,6.132785763175907,0.3492063492063492,0.0,5.0,63.0,0.8888888888888888,53.53,3.9987510089379703,70865.0,11.168546048839902,5.0,14173.0
Bb trickz,2,medio,2,1,9,0,10,3.0,3.33,229.0,0.1,135780.2,0.4,0.6,243488.0,12.402827045946394,7828552.0,15.873288248845562,32.151695360756996,5,440000.0,12.994532278619134,129015516.0,18.675443241913772,17.0,7589148.0,293.21708181818184,3.0937713894592744,,,,,,23.08,3.1813816204406202,1339656.0,14.10792416901189,5.0,267931.2
Soge Culebra,2,medio,2,2,8,0,10,8.0,1.25,59.0,0.2222222222222222,199866.0,0.0,1.0,57913.0,10.966714430533441,1323574.0,14.095846966969681,22.85452316405643,2,820000.0,13.617060838751888,297029534.0,19.509342136267147,119.0,2496046.504201681,362.23113902439025,13.686516084873375,0.0,0.0,1.0,18.0,1.0,10.34,2.428336298299606,999523.0,13.815034444640311,5.0,199904.6
Diego 900,2,medio,2,4,6,0,10,7.0,1.43,724.0,0.5714285714285714,187244.77777777778,0.7777777777777778,0.3333333333333333,15103.0,9.622714888385282,1788712.0,14.397006924803085,118.43421836721181,5,6490.0,8.778171881033469,2763871.0,14.832143153101278,46.0,60084.15217391304,425.86610169491524,12.722792607802875,0.0,0.0,1.0,2.0,1.0,8.28,2.2278615467981093,319395.0,12.674186991203102,5.0,63879.0
Judeline,3,alto,3,1,9,0,10,4.0,2.5,158.0,0.1,186426.25,0.0,0.5,210395.0,12.256746748258129,9055429.0,16.018875135748075,43.04013403360346,5,72200.0,11.187209175200515,28749777.0,17.17414060343869,28.0,1026777.75,398.1963573407202,8.487337440109513,5.01,0.0,20.0,100.0,0.53,36.57,3.6262058595858777,37454.0,10.530895491381983,5.0,7490.8
JC REYES,3,alto,3,3,7,0,10,6.0,1.67,39.0,0.375,168321.0,1.0,1.0,105909.0,11.570344955837715,4051710.0,15.214649819003565,38.25652210860267,3,1050000.0,13.864301674514206,1507336821.0,21.133610236594027,128.0,11776068.9140625,1435.5588771428572,6.652977412731006,0.0,0.0,1.0,20.0,1.0,61.06,4.128101659020234,9535805.0,16.070564324120596,5.0,1907161.0
FERNANDOCOSTA,3,alto,3,4,6,0,10,9.0,1.11,175.0,0.5714285714285714,189636.66666666666,0.16666666666666666,0.3333333333333333,28288.0,10.250228315491283,1237403.0,14.028526194658252,43.74303591628959,5,429000.0,12.969214528909768,292524013.0,19.494057320411535,154.0,1899506.5779220778,681.8741561771561,10.40930869267625,1.3793103448275863,0.0,1.0,29.0,1.0,3.47,1.4973884086254776,27645.0,10.227236331024303,5.0,5529.0
AMORE,1,bajo,1,1,3,0,4,4.0,1.0,245.0,0.25,179302.2,0.0,1.0,76277.0,11.242139840178178,1173377.0,13.975397326363414,15.383103687874458,5,4930.0,8.503297086224126,469567.0,13.059568402073666,6.0,78261.16666666667,95.24685598377282,5.664613278576318,,,,,,38.91,3.686626919060642,167322.0,12.027681355110914,5.0,33464.4
Mushkaa,1,bajo,1,2,8,0,10,3.0,3.33,172.0,0.2222222222222222,194873.25,0.125,1.0,25769.0,10.15696630364641,932583.0,13.745714506872064,36.19011215025806,5,25000.0,10.12667110305036,12930693.0,16.375114422934885,48.0,269389.4375,517.22772,4.818617385352498,,,,,,18.7,2.9806186357439426,274158.0,12.521463509036732,5.0,54831.6
Aissa,2,medio,2,1,9,0,10,7.0,1.43,102.0,0.1,173919.0,0.5,1.0,35214.0,10.469227407179512,702316.0,13.462140148033843,19.94422672800591,2,3140.0,8.052296499538647,12555445.0,16.34566507363861,97.0,129437.57731958762,3998.5493630573246,10.663928815879535,0.0,0.0,1.0,3.0,1.0,62.74,4.15481230898919,1280108.0,14.062455788520213,5.0,256021.6
Juseph,2,medio,2,2,8,0,10,5.0,2.0,164.0,0.2222222222222222,223128.0,1.0,1.0,34277.0,10.442259027952517,678321.0,13.427377380434441,19.789392303877236,5,65800.0,11.094390314766315,46197214.0,17.648430072849692,62.0,745116.3548387097,702.0853191489362,6.1738535249828885,0.0,0.0,1.0,2.0,1.0,25.74,3.286160571673797,95855.0,11.470602344323707,5.0,19171.0
Ptazeta,1,bajo,1,2,8,0,10,7.0,1.43,67.0,0.2222222222222222,182463.25,0.0,1.0,70728.0,11.166610951657786,842401.0,13.644012613968126,11.910431512272368,5,490000.0,13.102162710901053,211984029.0,19.172021499610146,101.0,2098851.7722772276,432.62046734693877,6.80082135523614,0.8775510204081632,0.0,1.0,49.0,1.0,21.06,3.0937660138253564,180961.0,12.106042343455098,5.0,36192.2
GRECAS,2,medio,2,2,8,0,10,5.0,2.0,165.0,0.2222222222222222,131152.5,0.75,0.25,21163.0,9.960056904024022,1303733.0,14.080743012930347,61.60435666020886,0,90100.0,11.408686542313973,54552512.0,17.814674337009944,51.0,1069657.0980392157,605.46628190899,8.657084188911705,0.0,0.0,1.0,13.0,1.0,42.91,3.782142084573626,87062.0,11.374387273506388,5.0,17412.4
Sosad,1,bajo,1,3,7,0,10,7.0,1.43,88.0,0.375,154623.0,0.2857142857142857,0.2857142857142857,5252.0,8.566554620953962,90404.0,11.412054854585254,17.213252094440215,0,121.0,4.804021044733257,46491.0,10.747035533763599,7.0,6641.571428571428,384.22314049586777,1.0732375085557837,,,,,,2.53,1.2612978709452054,45452.0,10.724434104027946,5.0,9090.4
SAM DAVIES,1,bajo,1,2,3,0,5,6.0,0.83,32.0,0.5,200253.57142857142,0.2857142857142857,1.0,18323.0,9.815966955006633,263836.0,12.483086767201188,14.399170441521585,4,9520.0,9.161255164285691,3622589.0,15.102699797588846,22.0,164663.13636363635,380.52405462184873,5.87542778918549,,,,,,0.0,0.0,46173.0,10.74017214809227,5.0,9234.6
El Virtual,1,bajo,1,6,3,0,9,8.0,1.12,353.0,1.5,185500.0,0.0,1.0,20507.0,9.928570332903591,1270266.0,14.054737672558709,61.94304383868923,4,23900.0,10.081675578048475,7259992.0,15.797889422613187,97.0,74845.27835051547,303.76535564853555,9.489390828199863,0.0,0.0,1.0,5.0,1.0,71.85,4.288402532641213,50024.0,10.820278159451934,5.0,10004.8
ARON,1,bajo,1,2,8,0,10,4.0,2.5,290.0,0.2222222222222222,,,,34445.0,10.447148159395692,484090.0,13.090028184554802,14.053999129046305,5,448000.0,13.012550743537489,55952930.0,17.840021377409087,24.0,2331372.0833333335,124.89493303571429,6.138261464750171,1.0,0.0,1.0,1.0,1.0,22.62,3.1620938107692163,2130994.0,14.572099564761718,5.0,426198.8
Kaydy Cain,2,medio,2,6,4,0,10,17.0,0.59,66.0,1.2,173594.66666666666,1.0,1.0,95438.0,11.466242578929814,4256284.0,15.263907272047325,44.597372115928664,5,709000.0,13.471612215950506,459192804.0,19.94498073429287,398.0,1153750.7638190954,647.6626290550071,11.1129363449692,1.6470588235294117,0.058823529411764705,2.0,17.0,0.9411764705882353,59.25,4.098502572370764,44068.0,10.69351186640545,5.0,8813.6
La Plazuela,2,medio,2,3,6,0,9,7.0,1.29,165.0,0.42857142857142855,206332.4,0.0,0.2,14693.0,9.595194526180222,410196.0,12.924392811088067,27.9177839787654,5,67400.0,11.118415133585586,38484526.0,17.46576682237223,20.0,1924226.3,570.9870326409496,10.316221765913758,1.7446808510638299,0.06382978723404255,2.0,47.0,0.9787234042553191,47.7,3.885679030088544,84163.0,11.340522555359202,5.0,16832.6
Cupido,1,bajo,1,0,4,0,4,4.0,1.0,38.0,0.0,153787.5,0.0,0.0,114933.0,11.65211332955078,2508801.0,14.735315906331785,21.828378272558794,5,10200.0,9.23024103368252,8181191.0,15.91734841923401,48.0,170441.47916666666,802.0775490196079,7.605749486652978,,,,,,28.94,3.3991953789914824,7035.0,8.85879510585745,5.0,1407.0
Claudio Montana,1,bajo,1,0,10,0,10,7.0,1.43,368.0,0.0,118142.57142857143,0.14285714285714285,0.5714285714285714,15362.0,9.63971730013066,506575.0,13.135429640772937,32.97584949876318,0,4030.0,8.301769763117166,676677.0,13.424950810978075,4.0,169169.25,167.90992555831266,11.394934976043805,0.0,0.0,1.0,1.0,1.0,7.6,2.151762203259462,237070.0,12.376114953311793,4.0,59267.5
pablopablo,1,bajo,1,2,8,0,10,4.0,2.5,215.0,0.2222222222222222,175918.85714285713,0.14285714285714285,0.5714285714285714,60635.0,11.012644055079909,1138436.0,13.94516682698646,18.775228828234518,5,9080.0,9.113939597689829,2361874.0,14.67496635308589,44.0,53678.954545454544,260.118281938326,4.577686516084873,1.0923076923076922,0.03076923076923077,9.0,65.0,0.6153846153846154,28.57,3.3867603338643857,104385.0,11.55585084582166,5.0,20877.0
TRISTÁN!,1,bajo,1,1,3,0,4,4.0,1.0,220.0,0.25,175026.5,0.25,1.0,56219.0,10.937027844460523,853776.0,13.657425314550087,15.186609509240649,1,3580.0,8.183397369998433,756955.0,13.537060406555938,11.0,68814.09090909091,211.43994413407822,13.35523613963039,,,,,,48.92,3.9104217240611723,49189.0,10.803445629789385,5.0,9837.8
Stereo Madness,1,bajo,1,1,3,0,4,2.0,2.0,234.0,0.25,194685.75,1.0,0.25,2095.0,7.647786045440933,57749.0,10.96387862838404,27.565155131264916,0,687.0,6.5337888379333435,94637.0,11.45781436571553,3.0,31545.666666666668,137.75400291120815,1.0787132101300478,,,,,,3.23,1.4422019930581866,28332.0,10.251782482029256,4.0,7083.0
Rebe,1,bajo,1,2,8,0,10,7.0,1.43,81.0,0.2222222222222222,184624.0,0.0,1.0,76371.0,11.243371415833355,1806279.0,14.406780039701491,23.65137290332718,5,15300.0,9.635673464721814,2266426.0,14.633715140593738,34.0,66659.58823529411,148.1324183006536,10.77618069815195,,,,,,33.0,3.5263605246161616,91683.0,11.426103161014257,5.0,18336.6
Guitarricadelafuente,1,bajo,1,2,8,0,10,8.0,1.25,367.0,0.2222222222222222,184247.25,0.0,0.0,130178.0,11.776665705425343,5269629.0,15.477470709324145,40.48018098296179,5,194000.0,12.175618592671356,81534689.0,18.21653913182209,17.0,4796158.176470588,420.28190206185565,8.112251882272416,4.9,0.16,12.0,100.0,0.73,20.77,3.080532875246456,136496.0,11.824057915343653,5.0,27299.2
Swiper,1,bajo,1,2,8,0,10,2.0,5.0,5.0,0.2222222222222222,169748.55555555556,1.0,0.4444444444444444,1200.0,7.0909098220799835,29867.0,10.304542952155593,24.889166666666668,0,255.0,5.545177444479562,19698.0,9.888323152016355,15.0,1313.2,77.24705882352941,2.105407255304586,,,,,,36.28,3.6184569898173904,6581.0,8.792093929503284,5.0,1316.2
Lil Supa,1,bajo,1,10,10,0,20,8.0,2.5,188.0,0.9090909090909091,222812.4,0.8,0.8,45020.0,10.7148843265641,2301076.0,14.648887832169036,51.11230564193691,5,656000.0,13.393917592315308,262221313.0,19.38469941508239,157.0,1670199.4458598725,399.7276112804878,14.362765229295004,10.346153846153847,0.07692307692307693,8.0,26.0,0.038461538461538464,8.49,2.2502386126218363,1847366.0,14.42927194003859,5.0,369473.2
Yassir,1,bajo,1,1,19,0,20,8.0,2.5,171.0,0.05,249710.6,0.2,1.0,15910.0,9.674765972907856,176836.0,12.082983683308608,11.114770584538027,5,6390.0,8.762646029650282,2752526.0,14.828029956795167,93.0,29597.05376344086,430.75524256651016,6.357289527720739,,,,,,5.15,1.8164520818184267,16213.0,9.693630345547652,5.0,3242.6
David Marley,2,medio,2,2,28,0,30,7.0,4.29,17.0,0.06896551724137931,166607.4,0.2,1.0,10789.0,9.28637505825218,100690.0,11.51981170033318,9.332653628695894,0,14200.0,9.561067663645012,11597351.0,16.266287354155622,42.0,276127.40476190473,816.7148591549296,8.56125941136208,,,,,,,,9891.0,9.199481628641307,5.0,1978.2
Love Yi,1,bajo,1,4,15,0,19,9.0,2.11,25.0,0.25,297650.2,0.6,1.0,12653.0,9.44572864970683,266664.0,12.493748467962423,21.07516004109697,3,47000.0,10.757924157061597,22831235.0,16.943640156330908,83.0,275075.1204819277,485.7709574468085,8.594113620807667,0.0,0.0,1.0,6.0,1.0,2.47,1.244154593958768,101245.0,11.525308478015557,5.0,20249.0
Sami Deluxe,1,bajo,1,1,3,0,4,3.0,1.33,60.0,0.25,168280.55555555556,0.4444444444444444,1.0,126.0,4.844187086458591,1326.0,7.190676034332207,10.523809523809524,0,246000.0,12.413090879946887,150744923.0,18.831099721362875,220.0,685204.1954545454,612.7842398373983,20.591375770020534,,,,,,3.3,1.4586150226995167,146450.0,11.894446180501602,5.0,29290.0
Semon,1,bajo,1,1,6,0,7,4.0,1.75,84.0,0.14285714285714285,149633.0,0.0,0.375,1327.0,7.191429330036379,33365.0,10.41529269641562,25.14318010550113,5,728.0,6.591673732008658,4696.0,8.454679286026995,4.0,1174.0,6.450549450549451,8.342231348391513,,,,,,9.79,2.378619779270043,4714.0,8.458504195067558,4.0,1178.5
La Musa,1,bajo,1,1,3,0,4,1.0,4.0,74.0,0.25,286120.25,0.75,1.0,1903.0,7.55171221535131,22902.0,10.039023185328821,12.034682080924856,5,2830.0,7.9483852851118995,440376.0,12.995386457217103,10.0,44037.6,155.60989399293285,0.5503080082135524,,,,,,66.66,4.214495163352562,27465.0,10.220704155090226,5.0,5493.0
Main Costa,1,bajo,1,2,13,0,15,7.0,2.14,10.0,0.14285714285714285,181675.375,1.0,1.0,2746.0,7.918264686095274,13351.0,9.49942146534167,4.861981063364895,1,2650.0,7.8826922062890254,331987.0,12.712854102667082,73.0,4547.767123287671,125.27811320754716,7.731690622861054,,,,,,11.62,2.5352828571130672,5604.0,8.63141433550626,5.0,1120.8
Sami Duque,1,bajo,1,0,20,0,20,7.0,2.86,4.0,0.0,193367.6,0.2,1.0,3306.0,8.103796712981794,22992.0,10.042945100762001,6.954627949183303,0,16.0,2.833213344056216,19549.0,9.880730565413511,1.0,19549.0,1221.8125,13.141683778234086,,,,,,3.53,1.5107219394949425,19551.0,9.880832861971323,1.0,19551.0
Papi Trujillo,1,bajo,1,5,15,0,20,10.0,2.0,24.0,0.3125,260519.8,1.0,1.0,7454.0,8.916640227198839,91077.0,11.41947156121897,12.218540381003487,0,324.0,5.783825182329737,36483.0,10.50462908730005,12.0,3040.25,112.60185185185185,6.160164271047228,,,,,,0.0,0.0,13197.0,9.487820581943367,5.0,2639.4
BEA PELEA,1,bajo,1,4,7,0,11,10.0,1.1,31.0,0.5,164578.25,0.0,1.0,64180.0,11.0694624957204,817458.0,13.613956027590648,12.736958554066687,5,18400.0,9.820160289946374,6803526.0,15.732951712150777,70.0,97193.22857142857,369.756847826087,9.612594113620808,1.8461538461538463,0.0,6.0,13.0,0.38461538461538464,3.75,1.55814461804655,235734.0,12.370463571748214,5.0,47146.8
Pepe y Vizio,2,medio,2,4,16,0,20,9.0,2.22,82.0,0.23529411764705882,200279.8,0.0,0.8,22651.0,10.028003427233696,395433.0,12.88773917489385,17.457639839300693,0,104000.0,11.552155793461898,125349240.0,18.646614327504373,194.0,646130.1030927835,1205.2811538461538,9.850787132101301,0.0,0.0,1.0,3.0,1.0,33.53,3.541828511401901,238665.0,12.382820363974682,5.0,47733.0
ACRU,1,bajo,1,4,7,0,11,9.0,1.22,74.0,0.5,236474.0,0.4,1.0,38090.0,10.5477333127379,1247971.0,14.037030391762386,32.76374376476765,1,555000.0,13.22672519452875,217542027.0,19.197902622009988,234.0,929666.782051282,391.96761621621624,12.301163586584531,3.09,0.02,7.0,100.0,0.05,,,85746.0,11.359156378993442,5.0,17149.2
ToteKing,2,medio,2,10,10,0,20,20.0,1.0,762.0,0.9090909090909091,303639.2,0.8,1.0,41321.0,10.629150324772754,1274000.0,14.057672900043293,30.83178045061833,5,229000.0,12.34148164933907,117867621.0,18.585072705230427,32.0,3683363.15625,514.705768558952,7.912388774811773,0.6865671641791045,0.0,2.0,67.0,0.9850746268656716,24.42,3.2355362657613083,334213.0,12.719536785349208,5.0,66842.6
Foyone,2,medio,2,10,10,0,20,10.0,2.0,164.0,0.9090909090909091,302904.14285714284,0.7142857142857143,0.8571428571428571,24325.0,10.099301016178382,649466.0,13.383907305487918,26.699527235354573,5,465000.0,13.049794835104816,288058696.0,19.47867482636176,261.0,1103673.1647509579,619.4810666666667,17.232032854209447,0.8,0.0,3.0,20.0,0.9,19.08,2.9997242948235283,417225.0,12.941383320397035,5.0,83445.0
Sceno,1,bajo,1,5,5,0,10,9.0,1.11,45.0,0.8333333333333334,234805.0,0.75,1.0,491.0,6.198478716492308,4609.0,8.435983135990694,9.386965376782078,3,1210.0,7.099201743553092,37153.0,10.52282671595135,25.0,1486.12,30.70495867768595,8.008213552361397,,,,,,5.15,1.8164520818184267,601.0,6.400257445308821,5.0,120.2
Kase.O,2,medio,2,7,3,0,10,15.0,0.67,75.0,1.75,212156.6,0.0,0.4,68365.0,11.132630904004008,2499188.0,14.731476837209367,36.55654209025086,5,2.0,1.0986122886681098,326.0,5.7899601708972535,6.0,54.333333333333336,163.0,14.318959616700889,3.2222222222222223,0.04040404040404041,7.0,99.0,0.696969696969697,7.34,2.1210632163706555,243.0,5.497168225293202,5.0,48.6
Marko Italia,1,bajo,1,2,8,0,10,7.0,1.43,4.0,0.2222222222222222,219569.0,0.125,1.0,2110.0,7.65491704784832,14657.0,9.592741540485795,6.946445497630331,0,7060.0,8.862341963516347,2604590.0,14.772786215084754,39.0,66784.35897435897,368.9220963172805,5.004791238877481,,,,,,3.66,1.5390154481375546,27321.0,10.215447517447432,5.0,5464.2
Akapellah,1,bajo,1,10,30,0,40,14.0,2.86,354.0,0.3225806451612903,325665.2,0.6,1.0,54904.0,10.913359698031813,1033968.0,13.848915352943443,18.83228908640536,2,1870000.0,14.441449523589984,648727216.0,20.29052287352328,144.0,4505050.111111111,346.91294973262035,11.852156057494867,0.1,0.0,7.0,20.0,0.25,12.77,2.6224923127405635,5238175.0,15.471483904096226,5.0,1047635.0
Hard GZ,3,alto,3,7,16,0,23,10.0,2.3,165.0,0.4117647058823529,206378.6,0.4,1.0,27872.0,10.235413757309422,1375592.0,14.13439546883873,49.35390355912744,5,408000.0,12.919024904363686,279522835.0,19.44859455026306,203.0,1376959.7783251232,685.104987745098,13.675564681724847,0.0,0.0,2.0,27.0,0.9629629629629629,38.89,3.686125665917315,438876.0,12.991974470566587,5.0,87775.2
Teo Lucadamo,1,bajo,1,2,8,0,10,1.0,10.0,11.0,0.2222222222222222,167915.0,0.8,1.0,15875.0,9.672563813902956,345328.0,12.752252864792178,21.752944881889764,5,10700.0,9.278092474027002,1339317.0,14.107671087141542,24.0,55804.875,125.16981308411215,12.120465434633813,0.88,0.0,1.0,25.0,1.0,7.89,2.1849270495258133,14183.0,9.559869847754044,5.0,2836.6
Jesse Baez,1,bajo,1,4,6,0,10,10.0,1.0,6.0,0.5714285714285714,194452.6,0.0,1.0,86166.0,11.364042552726982,2024856.0,14.521009638745308,23.499477752245664,5,146000.0,11.891368749982085,73610915.0,18.114303887918883,38.0,1937129.3421052631,504.1843493150685,7.9808350444900755,4.666666666666667,0.0,8.0,21.0,0.09523809523809523,3.51,1.506297153514587,11487.0,9.349058291288005,5.0,2297.4
Vreno Yg,1,bajo,1,1,9,0,10,2.0,5.0,26.0,0.1,143404.44444444444,0.3333333333333333,0.3333333333333333,5779.0,8.662158961666423,135422.0,11.816158492095097,23.433465997577436,5,2060.0,7.630946580890459,727365.0,13.49718506862241,29.0,25081.55172413793,353.0898058252427,4.438056125941136,,,,,,2.62,1.2864740258376797,393393.0,12.882566933168526,5.0,78678.6
Zell,1,bajo,1,6,4,0,10,4.0,2.5,54.0,1.2,193170.66666666666,1.0,0.6666666666666666,40811.0,10.616731434795195,12698192.0,16.356970257841,311.14630859327144,5,120000.0,11.695255355062795,79428489.0,18.19036767797916,81.0,980598.6296296297,661.904075,10.590006844626968,13.0,0.0,4.0,12.0,0.08333333333333333,49.94,3.930648469551311,1762607.0,14.382305088386971,5.0,352521.4
