nombre_buscado,tier_inferido,venue_mayor,tier_sala,notas
Tarchi,,,1.0,
Guxo,2.0,Fever Blue,2.0,
Bon Calso,3.0,Teatro Albeniz,2.0,
C Marí,,,2.0,sold out Aliatar + La Riviera Valencia
AmoryOdio,,,1.0,
ladiferencia2006,,,2.0,
Dano,4.0,C Complejo Art Media,2.0,venue extranjero eliminado
ABHIR,,,2.0,
Gatti,,,1.0,
Antony Z,,,2.0,sold out Industrial Copera
Yeidos,,,1.0,
superreservao,,,1.0,
UGLY,,,1.0,
RALY,,,1.0,
Ébano,,,2.0,
Sweetwave,,,1.0,
LEÏTI,,,2.0,llenó Sala Príncipe (Campo del Príncipe Granada)
C.EME,,,1.0,
Xico Palma,,,1.0,
Biberon,,,1.0,
L'haine,,,2.0,
Juicy BAE,2.0,Puerta del Sol,2.0,
ANMI,,,1.0,
Zakyo,,,1.0,
Galindo,,,1.0,
Bluu,,,1.0,
Dirty Suc,3.0,Auditorio y Palacio de Congresos Mar de Vigo,2.0,
Mda,3.0,Sala Apolo,2.0,
El Bugg,3.0,Razzmatazz 2,2.0,sala pequeña del complejo
yyy891,,,1.0,
cybernene,,,1.0,
Israel B,4.0,IFEMA,2.0,
yung brandy,,,1.0,
Aleesha,4.0,Anexo al Estadio Gran Canaria,2.0,
GREKKY,,,1.0,
BEJO,3.0,Teatro La Cúpula,2.0,teatro pequeño
Choclock,4.0,Espacio Mad Cool Villaverde,3.0,
WEST DUBAI,,,2.0,
West Srk,,,1.0,
Kinder Malo,,,1.0,
Cecilio G,,,1.0,
Prok,4.0,Estadio Obras Sanitarias,2.0,venue extranjero eliminado
Ayax,4.0,Estadio Obras Sanitarias,2.0,venue extranjero eliminado
LaBlackie,4.0,WiZink Center,3.0,
Faenna,,,1.0,
Metrika,4.0,Playa El Arenal,3.0,
GlorySixVain,,,1.0,
Oddliquor,3.0,Teatro Eslava,2.0,
Lil Mess,,,1.0,
Rojuu,4.0,C Complejo Art Media,2.0,venue extranjero eliminado
Barry B,4.0,Recinto de Festivales de Benicàssim,3.0,
Alizzz,4.0,Recinto de Festivales de Benicàssim,3.0,
Gese Da O,,,1.0,
Ergo Pro,4.0,WiZink Center,2.0,probable soporte
Ill Pekeño,4.0,WiZink Center,2.0,probable soporte
Hoke,3.0,Razzmatazz 2,2.0,sala pequeña del complejo
Sara Socas,4.0,Anexo al Estadio Gran Canaria,3.0,
Mvros,,,1.0,
MARCE,,,1.0,
Dlomalo,,,1.0,
Chiche Nieto,,,1.0,
KG970,,,1.0,
Samuel SLZR,,,1.0,
John Pollõn,,,2.0,
Shoda Monkas,,,1.0,
La Zowi,4.0,Palau Sant Jordi,3.0,
Albany,4.0,Complejo Embrujo,3.0,
Soto Asa,4.0,Playa El Arenal,3.0,
Pedro LaDroga,3.0,Caracol,2.0,Caracol ~500 personas
Faxu,,,1.0,
Funzo & Baby Loud,4.0,WiZink Center,3.0,
Nico Miseria,2.0,Sala Planta Baja,2.0,
Allan Parrish,,,1.0,
Nickzzy,,,2.0,
vatocholo,4.0,Ondarreta DBDB Arena,3.0,
Ben Yart,3.0,Teatro Magno,2.0,
Raul Clyde,4.0,Playa El Arenal,3.0,
Enry-k,3.0,Razzmatazz,2.0,
Daniela Garsal,,,1.0,
Cocco Lexa,,,2.0,
Gloosito,4.0,IFEMA,2.0,
mvrk,4.0,Movistar Arena,3.0,
Vera GRV,4.0,La Sala del Movistar Arena,2.0,sala pequeña del complejo
Slappy Av,,,1.0,
Hecky,,,1.0,llenó Sala Víbora
céro,,,2.0,
Dollar Selmouni,4.0,Complejo Deportivo Cantarranas,3.0,
Eflexx,,,1.0,
Baby Loud,,,1.0,
Zeno El Faraón,,,1.0,
Sticky M.A.,4.0,IFEMA,3.0,
BabyMurda,,,1.0,
Munic HB,,,1.0,
roomtrash6,,,1.0,
Galera,,,1.0,
7loseey,,,1.0,
Lacuei,,,1.0,
Dawaira,,,1.0,
nusar3000,2.0,El Sol,2.0,
Yung Beef,4.0,Movistar Arena,3.0,
Dellafuente,4.0,Playa El Arenal,3.0,
Natos y Waor,4.0,WiZink Center,3.0,
Recycled J,4.0,Movistar Arena,3.0,
Rels B,4.0,Roig Arena,3.0,
Elio Toffana,3.0,Caracol,2.0,Caracol ~500 personas
Cruz Cafuné,4.0,El Arenal,3.0,
Lucho RK,4.0,Navarra Arena,3.0,
Maikel Delacalle,4.0,Estadio Heliodoro Rodríguez López,3.0,
La Pantera,2.0,El Sol,3.0,
Delaossa,4.0,Movistar Arena,3.0,
Bad Gyal,4.0,Movistar Arena,3.0,
Camin,,,2.0,
Xiyo,,,2.0,
Fernandezz,,,2.0,
8belial,3.0,Sala Apolo,2.0,
Beny Jr,4.0,Olympic Complex,3.0,venue extranjero eliminado
Morad,4.0,Estadio La Cartuja de Sevilla,3.0,
SAIKO,4.0,Gran Arena Monticello,3.0,venue extranjero eliminado
Kristina,,,2.0,
l0rna,2.0,Sala X,2.0,
Quevedo,4.0,Roig Arena,3.0,
D.Valentino,3.0,La Riviera,2.0,
Ralphie Choo,4.0,Movistar Arena,3.0,
AKRIILA,4.0,La Sala del Movistar Arena,2.0,sala pequeña del complejo
rusowsky,4.0,Estadio GNP Seguros,3.0,venue extranjero eliminado
Maka,,,3.0,
RVFV,4.0,Estadio La Cartuja de Sevilla,3.0,
Don Patricio,4.0,Bizkaia Arena,2.0,
Nyno Vargas,,,2.0,
sen senra,4.0,Movistar Arena,2.0,
Natalia Lacunza,4.0,IFEMA,2.0,
Lia Kali,4.0,Pabellón Semicubierto IFEJA,3.0,
Bb trickz,4.0,Dodger Stadium,2.0,
Soge Culebra,4.0,Movistar Arena,2.0,
Diego 900,,,2.0,
Judeline,4.0,Movistar Arena,3.0,
JC REYES,4.0,Pabellón Semicubierto IFEJA,3.0,
FERNANDOCOSTA,4.0,Recinto de Festivales de Benicàssim,3.0,
AMORE,,,1.0,
Mushkaa,,,1.0,
Aissa,,,2.0,
Juseph,4.0,Hipódromo de la Zarzuela,2.0,
Ptazeta,4.0,IFEMA,1.0,
GRECAS,3.0,Razzmatazz,2.0,
Sosad,,,1.0,
SAM DAVIES,,,1.0,
El Virtual,,,1.0,
ARON,,,1.0,
Kaydy Cain,4.0,Playa El Arenal,2.0,
La Plazuela,4.0,Bizkaia Arena,2.0,
Cupido,,,1.0,
Claudio Montana,,,1.0,
pablopablo,4.0,Recinto de Festivales de Benicàssim,1.0,
TRISTÁN!,,,1.0,
Stereo Madness,,,1.0,
Rebe,,,1.0,
Guitarricadelafuente,4.0,Recinto de Festivales de Benicàssim,1.0,
Swiper,,,1.0,
Lil Supa,3.0,Teatro Caupolicán,1.0,
Yassir,,,1.0,
David Marley,,,2.0,
Love Yi,,,1.0,
Sami Deluxe,,,1.0,
Semon,,,1.0,
La Musa,,,1.0,
Main Costa,,,1.0,
Sami Duque,,,1.0,
Papi Trujillo,,,1.0,
BEA PELEA,3.0,Industrial Copera,1.0,
Pepe y Vizio,,,2.0,
ACRU,4.0,C Complejo Art Media,1.0,
ToteKing,4.0,Hipódromo de San Sebastián,2.0,
Foyone,4.0,Playa El Arenal,2.0,
Sceno,,,1.0,
Kase.O,4.0,Navarra Arena,2.0,
Marko Italia,,,1.0,
Akapellah,4.0,Movistar Arena,1.0,
Hard GZ,4.0,Movistar Arena,3.0,
Teo Lucadamo,2.0,Sala X,1.0,
Jesse Baez,4.0,Estadio GNP Seguros,1.0,
Vreno Yg,,,1.0,
Zell,4.0,C Complejo Art Media,1.0,
