nombre_canonico,spotify_id,spotify_nombre,spotify_score,lastfm_nombre,lastfm_mbid,lastfm_score,yt_channel_id,yt_nombre_canal,yt_score,sl_nombre,sl_mbid,sl_score,manual_override,notas
Tarchi,3hQ7aT3GTzf9jNYh80UBo3,tarchi,1.0,Tarchi,,1.0,UCnNu94mPQADiXDCytxrX-yQ,tarchi,1.0,,,,True,
Guxo,6iRgPV2iag75MOArijpAsz,Guxo,1.0,guxo,,1.0,UCjylXE3lAwb6UQEeP1q0fdg,Guxo,1.0,Guxo,55326367-18fc-416c-bb61-46132026150e,1.0,True,
Bon Calso,7ayZ0ZHp9SC1Bp6rzDd6gu,Bon Calso,1.0,Bon Calso,989157be-3433-4b3d-8182-a7232c1a654c,1.0,UClQRr7ET5hQ-Dze0YDc_CEA,Bon Calso,1.0,Bon Calso,989157be-3433-4b3d-8182-a7232c1a654c,1.0,True,
C Marí,7uthE7Fmy5aYOwlu1Yt4Ps,C Marí,1.0,C Marí,9ee7528c-dea2-4022-a41f-7768fd74d0fc,1.0,UCtBWcuYJp2qFlTrIy4TzbRw,C Marí,1.0,C Marí,9ee7528c-dea2-4022-a41f-7768fd74d0fc,1.0,True,
AmoryOdio,5meSi9uoBS3AAJ7XqjeKPY,AmoryOdio,1.0,AmoryOdio,,1.0,UCW7AmJ01zh1ZotUKyqIlWcg,AmoryOdio,1.0,,,,True,
ladiferencia2006,2iu7JdnEUFlgJn1GKbbpyp,ladiferencia2006,1.0,ladiferencia2006,,1.0,UCTAwYwUQ3QLA-uTkwpVHlVg,ladiferencia2006,1.0,ladiferencia2006,a4507d35-5970-44a1-86fa-e107ed6c5ac9,1.0,True,
Dano,3lIsPQW0jN6sMpiWuiShF0,Dano,1.0,Dano,b14fceed-31d0-4ed5-9717-2e93e4008955,1.0,UCYndombE03xAxQK3uDxwy2A,DANO,1.0,Dano,b14fceed-31d0-4ed5-9717-2e93e4008955,1.0,True,
ABHIR,2D8UzkIVdg1bj0Iqz6gjk0,ABHIR,1.0,Abhir,,1.0,UC9fOx2Tp9Ryeifj0Smv2V6w,Abhir,1.0,,,,True,
Gatti,5ZPltD0csqsDLzvV0JyeHa,Gatti,1.0,gatti,,1.0,UCig4bpFfh7XjfuGxA8tKKCA,GATTI,1.0,,,,True,
Antony Z,5lXkaxOaoMr8fpQFgYdGTc,Antony Z,1.0,Antony Z,0b481bbf-c7e8-4d55-b8fa-82b592faada8,1.0,UCkBitP8dbpuecrUPWE1e58g,ANTONY Z,1.0,Antony Z,0b481bbf-c7e8-4d55-b8fa-82b592faada8,1.0,True,
Yeidos,0UGWnJAVuq3n8I1PkO29Aj,Yeidos,1.0,Yeidos,,1.0,UCY-ActMtOTsgAyrdIbbbRlw,YEIDOS,1.0,,,,True,
superreservao,6AcMrxqogX2HwILuphv5Yq,superreservao,1.0,superreservao,df4cc5da-35ff-4e25-9c90-c74eff718ecb,1.0,UCpHjVOYw4yS0uSEhojl1hYA,superreservao,1.0,superreservao,df4cc5da-35ff-4e25-9c90-c74eff718ecb,1.0,True,
UGLY,6xDESBibWD4VYdmtbVnLew,UGLY,1.0,Ugly,,1.0,UCg8geUZ_YwLohSN7TzfEriQ,Ugly Official,1.0,,,,True,
RALY,2n7Tgi3I83F8hzPgWsju4t,RALY,1.0,Raly,90e32f72-0e86-4f74-88a4-9ad0f2ade24e,1.0,UCzzt2snMMe-Dq2NYb-b4RNA,RALY,1.0,RALY,90e32f72-0e86-4f74-88a4-9ad0f2ade24e,1.0,True,
Ébano,7q0HsrVsikGwRXqJsMsOZ5,Ébano,1.0,Ébano,d3088e46-e145-4eab-b59f-f052710bb2ad,1.0,UCLATGLMEX2AGcUBYCOinciw,ÉBANO,1.0,Ébano,d3088e46-e145-4eab-b59f-f052710bb2ad,1.0,True,
Sweetwave,06zXH12gLDpAdKK0WQLp01,Sweetwave,1.0,Sweetwave,,1.0,UCB5FqzulqxrptjE8AhPYWjw,Sweetwave,1.0,,,,True,
LEÏTI,5FQJWdcKPAijmEi4uroZ4h,LEÏTI,1.0,LEÏTI,705e98a9-be44-4217-8418-4feb8b78abe9,1.0,UCGkr33cbj0n22UdXp_2JTOw,LEÏTI,1.0,LEÏTI,705e98a9-be44-4217-8418-4feb8b78abe9,1.0,True,
C.EME,29ZCVFRVjUlmouhwMscyrl,C.EME,1.0,C.eme,,1.0,UCthBTBUs4Uu7AoYTUReXoOA,C EME,0.8,,,,True,
Xico Palma,3N1oeQr1RmJDQqt9ps2AK0,Xico Palma,1.0,Xico Palma,,1.0,,,,,,,True,
Biberon,31VgmAag1FUVTzQpASIeFo,Biberon,1.0,BIBERON,,1.0,UCMAocKF4BBry_7EaFQxxtrw,Dj BiBeron,0.82,,,,True,
L'haine,7tXH4uI7BOE7hFBazlah0q,L'haine,1.0,L'haine,,1.0,UCAhuy8Cdu8LVqx0SEJHPP-w,L'haine,1.0,,,,True,
Juicy BAE,46K14JAfAHpxTSkb6KkFfN,Juicy BAE,1.0,Juicy BAE,,1.0,UC6CoYvadi_8TZFRD1-7VomQ,JUICY BAE,1.0,,,,True,
ANMI,0V6FSnhjLqpJpS6srrNiRg,ANMI,1.0,anmi,,1.0,UCtuJ8wEWR7yfNO6m0Wi1Jzw,ANMI,1.0,,,,True,
Zakyo,61hrqN6V7joyv7HvosKyOY,Zakyo,1.0,Zakyo,,1.0,UCnjs8rNSyQjCD5TmENf5R5w,Zakyo ♪,0.83,Zakyo,62317fb3-6daa-46fb-920b-48fc26d6ad50,1.0,True,
Galindo,6hPK8x2BDxqErjx961t8Ch,Galindo,1.0,Galindo,e2ef76e3-5c93-4907-94dc-739d73d2ccc3,1.0,UCuYAqUWFnoz0GwR0wdvLNVA,Galindo,1.0,Galindo,e2ef76e3-5c93-4907-94dc-739d73d2ccc3,1.0,True,
Bluu,7MaetI56T44uHIHh0px5zv,Bluu,1.0,Bluu,46693b26-5584-4803-b128-53b1b51d6e60,1.0,UCwQZd5A2hxC7J4aAomoPfCA,Bluu,1.0,Bluu,46693b26-5584-4803-b128-53b1b51d6e60,1.0,True,
Dirty Suc,5zziunXg44b8BEQnVx7W2e,Dirty Suc,1.0,Dirty Suc,ae874005-64db-474f-b1f3-8a9969fbb91f,1.0,UCqE4Vk3HH-8bTbxn-3ODpng,Dirty Suc,1.0,Dirty Suc,ae874005-64db-474f-b1f3-8a9969fbb91f,1.0,True,
Mda,6goQbtqjPhPns8RVRXTyp7,Mda,1.0,MDA,,1.0,UC-Ntg89GC9GxmppY4MDvw4Q,Mda,1.0,Mda,1fc3dbf2-8123-47c2-a6b9-031aafc1f04d,1.0,True,
El Bugg,6o4L5N0aiAhdtN3pqEwG0P,El Bugg,1.0,El Bugg,f82885fc-46ca-47c5-9ffa-6e882fea292c,1.0,UCbeu0o0mgaOw1J0gDxhV3cw,El Bugg,1.0,El Bugg,f82885fc-46ca-47c5-9ffa-6e882fea292c,1.0,True,
yyy891,5eBluOvPk819K9BZB1XV9v,yyy891,1.0,yyy891,07373efd-a7d6-43e1-8f48-4fe75d874423,1.0,UC6wNxO3ANs-wnqQBCNo8QRg,yyy891,1.0,yyy891,07373efd-a7d6-43e1-8f48-4fe75d874423,1.0,True,
cybernene,0frxUwUJIHPXGWZh4bSdYZ,cybernene,1.0,cybernene,,1.0,UC6Zl-S1RJXS2tPJGV-RBOlg,cybernene,1.0,cybernene,e50869d3-1dc9-4d5e-8754-34c7cc8971c7,1.0,True,
Israel B,16M8fuShcwX8uBDdmFZH9B,Israel B,1.0,Israel B,609e9bfc-1598-4814-a7a9-4579ce8af016,1.0,UCYau4SVOiF0z64g_rwH4Q7g,ISRAEL B,1.0,Israel B,609e9bfc-1598-4814-a7a9-4579ce8af016,1.0,True,
yung brandy,2kozBqlh379SQwNFduYBXf,yung brandy,1.0,Yung Brandy,,1.0,UCP7aHFPVBuM45zrFtRJg2Cw,Yung Brandy,1.0,,,,True,
Aleesha,18qC8mrcJ9ZjChRDPvpadi,Aleesha,1.0,Aleesha,4b71727b-85a0-4a57-863e-aaa80d32c3a0,1.0,UCuIvkQbxvLVQ3tcWIedjy_w,ALEESHA,1.0,Aleesha,4b71727b-85a0-4a57-863e-aaa80d32c3a0,1.0,True,
GREKKY,1u3I0DjvZlCZaeyzUD4bPW,GREKKY,1.0,Grekky,,1.0,,,,,,,True,
BEJO,0adJG3bdFTHCkTY28NkY4u,BEJO,1.0,Bejo,634d4044-77e3-4d92-813a-ae63734f4378,1.0,UCWEK3hIfVb-FLtBGHB7S5-Q,BEJO,1.0,BEJO,634d4044-77e3-4d92-813a-ae63734f4378,1.0,True,
Choclock,1Ixof0imwzqpuV21Ug9pKn,Choclock,1.0,Choclock,0dbc9717-32aa-47bc-b787-79aded2ea9bf,1.0,UC5Eyubx768Mk6XOjmixomQQ,ChoclockVEVO,1.0,Choclock,0dbc9717-32aa-47bc-b787-79aded2ea9bf,1.0,True,
WEST DUBAI,0ThxHJx0ElqLD8h2Compyq,WEST DUBAI,1.0,West Dubai,,1.0,UCdyS-FBtHV-sR320sV8DNXw,WEST DUBAI,1.0,,,,True,
West Srk,0M0cPEB7uDiRRc22XtyRBZ,West Srk,1.0,West Srk,,1.0,UCgsPMRkxSvZpHDhLac1KQfQ,West Srk,1.0,,,,True,
Kinder Malo,1Aoj8qX6kPfLTagb7qbKg0,Kinder Malo,1.0,Kinder Malo,f804b985-5bb9-4402-b700-5bed47f8238f,1.0,UC0gG18ashfwYY0mtd2HnCYA,KinderMaloVEVO,0.95,Kinder Malo,f804b985-5bb9-4402-b700-5bed47f8238f,1.0,True,
Cecilio G,2Q2fYVYxFSmodq53BFyD6p,Cecilio G,1.0,Cecilio G,,1.0,UCo6ceAlBZMuOc9m9TG-alYw,Cecilio G,1.0,,,,True,
Prok,690kydOVFha4Ri8kieEQ31,Prok,1.0,prok,,1.0,UCvAP3YHWzYppmW2qK_RoQLw,Ayax y Prok,1.0,Prok,fa8e7fb9-c595-4811-aad9-16b37ac27f5b,1.0,True,canal compartido con Ayax
Ayax,1lVofHO8O8nEygHTwJ2tnU,Ayax,1.0,Ayax,,1.0,UCvAP3YHWzYppmW2qK_RoQLw,Ayax y Prok,1.0,Ayax,fa8e7fb9-c595-4811-aad9-16b37ac27f5b,1.0,True,canal compartido con Prok
LaBlackie,7Mnggi1j35OsqH4Gkf3AZG,LaBlackie,1.0,LABLACKIE,,1.0,UCmWX8yNYCLRYk25E49ItEYQ,LABLACKIE,1.0,LaBlackie,58f8534a-0373-4722-ab96-58c6f6a2cc2d,1.0,True,
Faenna,2iLGzMc00PRgD5qP07bP2b,Faenna,1.0,FAENNA,,1.0,UCGHCZm8Ays0lNnxY5p_a5Mg,Faenna,1.0,Faenna,0d85f77b-903d-416c-baaf-90227eeef204,1.0,True,
Metrika,51WwqSqhXeyz3q9Q105Kjy,Metrika,1.0,Metrika,e5acc911-6e2d-4c0e-9e32-49341b06179d,1.0,UCjMFyLJPKmGE4N0FHKg-nbw,Metrika,1.0,Metrika,e5acc911-6e2d-4c0e-9e32-49341b06179d,1.0,True,
GlorySixVain,79lATyc2ODajhNfsqcNnzw,GlorySixVain,1.0,GlorySixVain,c8d3f79b-5d4a-4d17-b554-cf38cc2b5a22,1.0,UCDLZZ_S0drR0iq5Ri8T00_g,Glory Six Vain,0.92,GlorySixVain,c8d3f79b-5d4a-4d17-b554-cf38cc2b5a22,1.0,True,
Oddliquor,1rmlkMXVf5f6ilIVhjow34,ODDLIQUOR,1.0,ODDLIQUOR,1a2692c8-af9a-4fac-85e8-de24a0c1f642,1.0,UC3u6GC53mU-G3dkLkeC0AMg,ODDLIQUORVEVO,1.0,Oddliquor,1a2692c8-af9a-4fac-85e8-de24a0c1f642,1.0,True,
Lil Mess,6eUMkeHdqGrQWPBCxGP297,Lil Mess,1.0,LIL MESS,,1.0,UC5rYIIuCFxREBF0accxr2Yg,Lil Mess,1.0,Lil Mess,aa8081e9-1dea-47d5-aedc-d099a9983649,1.0,True,
Rojuu,04mTej6RpWzBxGwhfThpIi,Rojuu,1.0,Rojuu,f3818712-f405-4b42-bd6f-02de7b9d9f4a,1.0,UC5c0hKxusjfse2J_SRRnkhQ,Rojuu,1.0,Rojuu,f3818712-f405-4b42-bd6f-02de7b9d9f4a,1.0,True,
Barry B,1jRwxa8eTgXDOhOlbRFFFy,Barry B,1.0,Barry B,0e632801-82c0-477e-9b5e-651079594e1d,1.0,UCTWrPxNamfTqjafyXeLBmTQ,Barry B,1.0,Barry B,0e632801-82c0-477e-9b5e-651079594e1d,1.0,True,
Alizzz,23herDudxPBB3S81GB5uG3,Alizzz,1.0,Alizzz,a4238edc-daf9-42ed-917b-dd586f91c269,1.0,UCFjf0SpyVF7-sdRccixkYng,Alizzz,1.0,Alizzz,a4238edc-daf9-42ed-917b-dd586f91c269,1.0,True,
Gese Da O,5m5mdpE5ZDrHVKjvdc0AZQ,Gese Da O,1.0,Gese Da O,,1.0,UC1HFpKbU3HrHDbLNHlKyZ4A,Gese Da O,1.0,,,,True,
Ergo Pro,6RGXMZ5gUtYKHpG3RQ9fM4,Ergo Pro,1.0,Ergo Pro,1bc85d88-9135-401e-ae0c-0dc8c18e39db,1.0,UCgQ2KJmgAhUqolmPVzFsooA,Ill Pekenyo Ergo Pro,1.0,Ergo Pro,1bc85d88-9135-401e-ae0c-0dc8c18e39db,1.0,True,canal compartido con Ill Pekeno
Ill Pekeño,3T4KspU3H8Ya6sgxexg9F8,Ill Pekeño,1.0,ILL PEKEÑO,,1.0,UCgQ2KJmgAhUqolmPVzFsooA,Ill Pekenyo Ergo Pro,1.0,Ill Pekeño,a5600a9a-cea0-4168-afdb-fd56dfbfeda2,1.0,True,canal compartido con Ergo Pro
Hoke,2x6kZekpNZMll7Uq3M6ar5,Hoke,1.0,Hoke,2135abf5-6191-48f3-adf8-d5cdf42e4629,1.0,UCng9LRN8S9tMAFmACxsY8kg,HOKE,1.0,Hoke,2135abf5-6191-48f3-adf8-d5cdf42e4629,1.0,True,
Sara Socas,3mJRY2eQ5S0cCsZla7vy0d,Sara Socas,1.0,Sara Socas,3498fb37-8c44-453f-b6ae-b389e23e5f76,1.0,UC9SQmIV59RjSc96m9nAozQw,Sara Socas,1.0,Sara Socas,3498fb37-8c44-453f-b6ae-b389e23e5f76,1.0,True,
Mvros,7Hq2bkukC2suXG1mB287BW,Mvros,1.0,Mvros,,1.0,UCQh-hW2oOFuDRIxk8FlNN4w,Mvros,1.0,Mvros,89584709-fad3-4fe8-93fa-9ac79f452568,1.0,True,
MARCE,5fBsGbmh5tJ3kU7FhVnYbh,MARCE,1.0,Marce,d76b21a8-749d-46bf-a9af-2cd1d0ab8a13,1.0,UCd7i8fpec8ahCqhm9QYT0YA,Marce,1.0,,,,True,
Dlomalo,2PUiO6Pd4s3mEGgXkOBR4c,Dlomalo,1.0,Dlomalo,,1.0,UCUHHCceXIAYzhC_gfFXkT2A,Dlomalo,1.0,,,,True,
Chiche Nieto,12P01XO7BKDX1o7waqQElR,Chiche Nieto,1.0,Chiche nieto,,1.0,UCSm1iIK40-awi5aXK5M1Hxw,Chiche Nieto,1.0,,,,True,
KG970,6m735GSES3duQtLrgqoGUb,KG970,1.0,kg970,,1.0,UCJDvxqHLGiTDMZjlXC0lznA,KG970,1.0,KG970,d7f7ab6f-17e3-4f24-b25d-b87bccd2925a,1.0,True,
Samuel SLZR,5jxnZJCpTkZJSxyRzbVhGx,Samuel SLZR,1.0,Samuel SLZR,,1.0,UCLnuheyT4gUGCFgoPD4Osng,Samuel SLZR,1.0,Samuel SLZR,dfe3adda-2e43-4b12-9c65-d9359e25ae7d,1.0,True,
John Pollõn,4fJie9zmEW6VmFoQKrx4Lh,John Pollõn,1.0,John Pollõn,,1.0,UCubce_wkXtTBszxBPoDYb6Q,John Pollon - Topic,0.73,,,,True,
Shoda Monkas,3K3u27hhXRoHojEeDHXLAe,Shoda Monkas,1.0,Shoda Monkas,8b9e5a0c-a1af-4699-a635-82825b3f7d03,1.0,UCzApM_xBbRuemr7p_I0id7A,Shoda Monkas,1.0,Shoda Monkas,8b9e5a0c-a1af-4699-a635-82825b3f7d03,1.0,True,
La Zowi,1jB62pOe5WpGiHOBDtKBBG,La Zowi,1.0,La Zowi,5d704b62-ecb2-4129-93c5-6e40f9189fa8,1.0,UC-eekYblsNBijsoSE4Im-Bw,La Zowi,1.0,La Zowi,5d704b62-ecb2-4129-93c5-6e40f9189fa8,1.0,True,
Albany,0W7oBn4W3biry1eehAk8wu,Albany,1.0,Albany,2a91e157-5aa5-491c-b5c1-fef4f12e674f,1.0,UCYX7US4vDAmsuip9huNumcw,Albany,1.0,Albany,2a91e157-5aa5-491c-b5c1-fef4f12e674f,1.0,True,
Soto Asa,6gyhsZUy2fzzWZBRVPmOw4,Soto Asa,1.0,Soto Asa,34a034a5-cc93-4c92-9c01-c0cfd27f823f,1.0,UCeNxK2Wuez1CU2O5Cwt9sWw,Soto Asa,1.0,Soto Asa,34a034a5-cc93-4c92-9c01-c0cfd27f823f,1.0,True,
Pedro LaDroga,1kL2dtCF73efjph3etoBAs,Pedro LaDroga,1.0,Pedro LaDroga,1e91d5a3-f747-4735-84da-31a736744f23,1.0,UCkOXIUA8MJGK0q8us9f_dsw,Pedro LaDroga,1.0,Pedro LaDroga,1e91d5a3-f747-4735-84da-31a736744f23,1.0,True,
Faxu,0LA5aboyOdxBzRiQGrnLdF,Faxu,1.0,Faxu,bb27ee23-c81b-4552-8b01-e25f12cbd9de,1.0,UC53P0otLEF_IO5XTDp5L5-g,Faxu,1.0,Faxu,bb27ee23-c81b-4552-8b01-e25f12cbd9de,1.0,True,
Funzo & Baby Loud,1nwjHzOUQZsNYX8xoWiGVC,Funzo & Baby Loud,1.0,Funzo & Baby Loud,50c30c51-5cd1-4ff2-9a82-e29666913f5a,1.0,UCLA33crvqYDEYWHzrrhjrFw,Funzo & Baby Loud - Topic,0.8,Funzo & Baby Loud,50c30c51-5cd1-4ff2-9a82-e29666913f5a,1.0,True,
Nico Miseria,79ff28apoBUFLfPJQoTfro,Nico Miseria,1.0,Nico Miseria,9da275a3-a687-4263-a984-7f4d95fd0e59,1.0,UCo4VSanP-4uW0IlTW_-_Jrw,Nico Miseria,1.0,Nico Miseria,9da275a3-a687-4263-a984-7f4d95fd0e59,1.0,True,
Allan Parrish,2yMVIdS7Fd5ndzQ7R86PIQ,Allan Parrish,1.0,Allan Parrish,430d8b35-4c7e-4e9b-8b83-654df1a6e7b3,1.0,UCSjl1yLngUwnqxXVbCXOJJw,ALLAN PARRISH,1.0,Allan Parrish,430d8b35-4c7e-4e9b-8b83-654df1a6e7b3,1.0,True,
Nickzzy,6ddcxDK0BEkhe5LCdoA5Ki,Nickzzy,1.0,Nickzzy,88ed2616-0bce-4414-97f6-64d6ba1efc5a,1.0,UCkyk7l8SHjlH-oHx_ZFPtdg,Nickzzy,1.0,Nickzzy,88ed2616-0bce-4414-97f6-64d6ba1efc5a,1.0,True,
vatocholo,5lgauAo4BLN9PodnIxhxi8,vatocholo,1.0,vatocholo,5a4276b7-018d-4595-b703-1a1f8b6fe603,1.0,UCJuTSe3FGwnM_EokZB5m44A,vatocholo,1.0,vatocholo,5a4276b7-018d-4595-b703-1a1f8b6fe603,1.0,True,
Ben Yart,1Emea6iLt1X27HTatnL7oV,Ben Yart,1.0,Ben Yart,c027bafd-fab1-4c37-8c4e-d6810d3717c9,1.0,UCMvslXJfog-LfgbQ1TWGi8A,BEN YART,1.0,Ben Yart,c027bafd-fab1-4c37-8c4e-d6810d3717c9,1.0,True,
Raul Clyde,2PAyYzUdafG4mFFp6Rynsk,Raul Clyde,1.0,Raul Clyde,70594c67-1873-45da-bd86-0774d143626a,1.0,UC1UZ3iKm7QvaYxWyG5J1KDA,RAUL CLYDE,1.0,Raul Clyde,70594c67-1873-45da-bd86-0774d143626a,1.0,True,
Enry-k,05trgdoIUvlwqNLEPHTdoI,Enry-K,1.0,Enry-K,aa89fc97-b39b-46e9-9e32-6cfbe1bca74c,1.0,UCltrhMHu-QZa-tg0wlMyKew,Enry -K,0.92,Enry-k,aa89fc97-b39b-46e9-9e32-6cfbe1bca74c,1.0,True,
Daniela Garsal,5UA1oMfQ2oISh5SaZiVjXe,Daniela Garsal,1.0,Daniela Garsal,3780ea5e-8fd8-4a54-a4b5-054731662b3c,1.0,UCjlDfNAarQbdDvVdhLwVo_w,Daniela Garsal,1.0,Daniela Garsal,3780ea5e-8fd8-4a54-a4b5-054731662b3c,1.0,True,
Cocco Lexa,5WMoWNq8DuL9pob4qu7mau,Cocco Lexa,1.0,Cocco Lexa,5dff554e-ba04-4d3d-bd64-0ad19faa54a0,1.0,UCYMsi5mzjUpK-NckUOx-9Qw,Cocco Lexa,1.0,Cocco Lexa,5dff554e-ba04-4d3d-bd64-0ad19faa54a0,1.0,True,
Gloosito,1MXug5KOetEEQjjvCPWwIm,Gloosito,1.0,Gloosito,9110ae2b-6f72-4f69-a6da-342e4a8c55f9,1.0,UClhRceYtUx1PK-OSo5jic-w,Gloosito,1.0,Gloosito,9110ae2b-6f72-4f69-a6da-342e4a8c55f9,1.0,True,
mvrk,6WCTfR8dIuTqWrFrzt2yl0,mvrk,1.0,MVRK,,1.0,UCP6-KscDu1Q8GnrO5UviX2w,Mvrk,1.0,mvrk,115d217c-e8e0-4b31-b1d7-02edc331be1a,1.0,True,
Vera GRV,03ibrSvByQ6WCX79oFaORa,Vera GRV,1.0,Vera GRV,ade6462b-e109-4f82-9b03-9b322f0fbfdc,1.0,UCzjtV2uxLUcvUTyqIkkBw2A,Vera GRV,1.0,Vera GRV,ade6462b-e109-4f82-9b03-9b322f0fbfdc,1.0,True,
Slappy Av,6GWTEzK62O11ilSUbVG7Fi,Slappy Av,1.0,Slappy Av,,1.0,UCnywtedcTEHReU_PhTSc5HQ,Slappy Av,1.0,,,,True,
Hecky,62LTdoyTuT7z5r75cUozX7,Hecky,1.0,Hecky,,1.0,UCK3bwvTmTun_boHWF47xY0Q,HECKY,1.0,,,,True,
céro,5AiFFE0KopBkOzEZeDbSaH,céro,1.0,céro,,1.0,UCGzWp097m3a7ROcrb0l4qBA,céro,1.0,,,,True,
Dollar Selmouni,2544NCTfffschCn1NZVMSb,Dollar Selmouni,1.0,DOLLAR SELMOUNI,,1.0,UCEj0KFkQtkYshC7TCCIqz7Q,DOLLAR SELMOUNI,1.0,Dollar Selmouni,2422d7d2-e56d-488d-b056-fa9ecd4b4c65,1.0,True,
Eflexx,1Hn4pH541qMOF6J8F3jprI,Eflexx,1.0,Eflexx,9c738c4b-948a-4b8a-8da0-77c6761a48f6,1.0,UCwCzk0nGJmsuY0S07IScX8Q,Eflexx,1.0,Eflexx,9c738c4b-948a-4b8a-8da0-77c6761a48f6,1.0,True,
Baby Loud,6VSlGCOiyCqCRfFsThtvA7,Baby Loud,1.0,Baby Loud,7cb84b96-9107-4902-b078-6cc583f9a11c,1.0,UCWgej03msOJfj6XF-yM1QVw,BABY LOUD,1.0,Baby Loud,7cb84b96-9107-4902-b078-6cc583f9a11c,1.0,True,
Zeno El Faraón,1K15TdvUep1VIcFo0B6C1C,Zeno El Faraón,1.0,Zeno El Faraón,,1.0,UCqhyC7Hu8iVAvmhHPd541wQ,Zeno El Faraón,1.0,,,,True,
Sticky M.A.,5o7fmoqHl79fzoCzeApdxm,Sticky M.A.,1.0,Sticky M.A.,ccdb6a3f-e443-4dc7-a0c5-5dc9e89948ec,1.0,UCPvjTpNpjCldFlip7SegdwQ,StickyMA,0.84,Sticky M.A.,ccdb6a3f-e443-4dc7-a0c5-5dc9e89948ec,1.0,True,
BabyMurda,2kz8jl2xrOh8D7hP2VMvQP,BabyMurda,1.0,BabyMurda,,1.0,UCiPLsac-hPDlSQkr_GfNvcg,BabyMurda,1.0,,,,True,
Munic HB,28oQ6vi1R2m9mdSBnsAkUQ,Munic HB,1.0,Munic HB,,1.0,UC3cvqlS5U6meZxthdl6G2oQ,Munic HB,1.0,Munic HB,e703f6be-fe43-4a6c-9254-a3fc57d25c15,1.0,True,
roomtrash6,1VdDHkm5XpSy9OZiNTCzjE,roomtrash6,1.0,roomtrash6,,1.0,UCwCWLwUlOuz4XlafWGKa34g,roomtrash6,1.0,roomtrash6,fa85d059-e9b4-4e23-8124-dd1ba89434a1,1.0,True,
Galera,4vjLKty3wfZLVaPyTSucdp,Galera,1.0,Galera,3e871c1b-8572-44ac-81cf-28bb2fe66181,1.0,UCWQ4vtEhUU-KPIxLH6SeGKg,Galera,1.0,Galera,3e871c1b-8572-44ac-81cf-28bb2fe66181,1.0,True,
7loseey,7IO7OuaXHHZrg6TaWWKkxC,7loseey,1.0,7loseey,,1.0,UC0XlG8MX2qBXD3DQoBNw5QA,7loseey,1.0,,,,True,
Lacuei,3iaD99OqjiPd782dMatY3W,Lacuei,1.0,Lacuei,039b1e39-6d6b-4ad0-8b0e-fd7074d192a5,1.0,UCUIGOEWGGYnT1YSk0JwCFdw,LACUEI,1.0,Lacuei,039b1e39-6d6b-4ad0-8b0e-fd7074d192a5,1.0,True,
Dawaira,4URUm7qklThCHhio3adECT,Dawaira,1.0,Dawaira,6666e74a-ab6f-4c4a-965c-0cd602a381f7,1.0,UCYZw1FTWhZvwnxPedAL9eRw,DAWAIRA,1.0,Dawaira,6666e74a-ab6f-4c4a-965c-0cd602a381f7,1.0,True,
nusar3000,2Mvgw0Sfyepmz6lgRAooex,nusar3000,1.0,nusar3000,50b94aa1-45d5-4ba6-9122-951e7d3f933a,1.0,UCEK-KX24tmXR1bDCfhE_hgw,nusar3000,1.0,nusar3000,50b94aa1-45d5-4ba6-9122-951e7d3f933a,1.0,True,
Yung Beef,1rTUwYS38LkQTlT2fhikch,Yung Beef,1.0,Yung Beef,505e16b2-ef1b-42cc-b323-1a9664bcf69a,1.0,UCucauJSjPAgnVhIiH-NpHAA,YUNGBEEFNOCAP,1.0,Yung Beef,505e16b2-ef1b-42cc-b323-1a9664bcf69a,1.0,True,canal real @YUNGBEEFNOCAP (era Topic)
Dellafuente,4bJh7sMPcVRiqe5jlnsWQV,DELLAFUENTE,1.0,Dellafuente,e2e593af-0b56-4a12-90fd-53611e14abcd,1.0,UCwNXmdL8oVfJgXXHE6gk7_Q,DELLAFUENTE,1.0,Dellafuente,e2e593af-0b56-4a12-90fd-53611e14abcd,1.0,True,
Natos y Waor,1QJbbsxg2wqidJj51d3otw,Natos y Waor,1.0,Natos y Waor,947f21fa-4244-433c-8d51-bf43513d3f71,1.0,UCq-3_QjeLPs4yAuZEIwvHWg,Natos y Waor,1.0,Natos y Waor,947f21fa-4244-433c-8d51-bf43513d3f71,1.0,True,
Recycled J,4bWHA8fMNjzfGPQqnh5D6y,Recycled J,1.0,Recycled J,1b368d32-7912-4774-852e-53353831ecfa,1.0,UCWSLFbAwIig2P53M1uKTsxg,RECYCLEDJ,0.95,Recycled J,1b368d32-7912-4774-852e-53353831ecfa,1.0,True,
Rels B,2IMZYfNi21MGqxopj9fWx8,Rels B,1.0,Rels B,c1a3132a-c23e-4283-8f9a-4080dc52a177,1.0,UCdQC15x2gc7Ta_Tuh9Srh5g,Rels B,1.0,Rels B,c1a3132a-c23e-4283-8f9a-4080dc52a177,1.0,True,
Elio Toffana,3iaWOU36p7W4oqHLDoBQmr,Elio Toffana,1.0,Elio Toffana,96d84644-dea7-4429-ba47-bb8b15431bcb,1.0,UCdRbb4yA1gx8Yh3DVXO2A8Q,Elio Toffana Oficial,1.0,Elio Toffana,96d84644-dea7-4429-ba47-bb8b15431bcb,1.0,True,
Cruz Cafuné,0jeYkqwckGJoHQhhXwgzk3,Cruz Cafuné,1.0,Cruz Cafuné,34652ef4-3f17-4eed-ba15-237c49373329,1.0,UCoczSPtghrDAg-rmK-hk9xg,Cruz Cafuné,1.0,Cruz Cafuné,34652ef4-3f17-4eed-ba15-237c49373329,1.0,True,
Lucho RK,1y6tVxTqgNfqxTayfohSKJ,Lucho RK,1.0,Lucho RK,c3d7f812-47b2-4d78-9ac2-9512817d8add,1.0,UCtlCn8g2P2aWl87igBXUmVg,Lucho RK,1.0,Lucho RK,c3d7f812-47b2-4d78-9ac2-9512817d8add,1.0,True,
Maikel Delacalle,2t7vyRN71qtQT18frElAnV,Maikel Delacalle,1.0,Maikel Delacalle,ab1d4693-41dd-44ed-9e9c-da2ff76f1a3a,1.0,UCP-KZXw4_qy30e_vQh0x2Nw,MAIKEL DELACALLE,1.0,Maikel Delacalle,ab1d4693-41dd-44ed-9e9c-da2ff76f1a3a,1.0,True,
La Pantera,0IEzMvarfVycBJAXjjEZOL,La Pantera,1.0,La Pantera,,1.0,UCfFgNvGDrnY04UjvI_8DFPQ,La Pantera,1.0,La Pantera,2f47793d-6a91-46e5-b33d-e01c0e75d522,1.0,True,
Delaossa,5Uox3n7m4W2CoM9MmHPJwQ,Delaossa,1.0,DeLaOssa,,1.0,UC2NHs6NHZO7HDMtUo_J9Axg,DELAOSSA,1.0,Delaossa,86e9b6a3-8fc0-4c91-a90e-7a5ee3f9639d,1.0,True,
Bad Gyal,4F4pp8NUW08JuXwnoxglpN,Bad Gyal,1.0,Bad Gyal,9cb2e99f-d0ba-4aa5-a371-0006b0d34090,1.0,UC2ypBaYnDvnlbzyAH8w2jsw,Bad Gyal,1.0,Bad Gyal,9cb2e99f-d0ba-4aa5-a371-0006b0d34090,1.0,True,
Camin,3qndygm4Vx7bEW8tNyDKSY,Camin,1.0,caMin,,1.0,UCAeMoVmibDFgYotl1ipBMsA,Camin,1.0,,,,True,
Xiyo,2FzRIRtYVDBIJBvTqh7xzQ,Xiyo,1.0,XiYo,,1.0,UCHTNfoWyVQHJuip2__qVH_g,XiyoyFernandezz,1.0,Xiyo,ad938b0a-e5da-4ae8-a73e-fbf40d37b40a,1.0,True,canal compartido con Fernandezz
Fernandezz,7mVQGK5j4VKkAvdOhUotB1,Fernandezz,1.0,Fernandezz,,1.0,UCHTNfoWyVQHJuip2__qVH_g,XiyoyFernandezz,1.0,,,,True,canal compartido con Xiyo
8belial,3GMBcFbI21Tbi1POVBmCwb,8belial,1.0,8belial,073955d7-0069-4edd-b831-8def3791f204,1.0,UCPD6j3qyAQ4Xi8JaaOcu4bg,8Belial,1.0,8belial,073955d7-0069-4edd-b831-8def3791f204,1.0,True,
Beny Jr,22dFwJoRBV51ue5TGnC7Dt,Beny Jr,1.0,Beny Jr,30cd0efd-329c-4325-9582-632eee4b2d7c,1.0,UCFkew7OWYW2AViFz22dy4Og,Beny Jr,1.0,Beny Jr,30cd0efd-329c-4325-9582-632eee4b2d7c,1.0,True,
Morad,4az97MtWmBQ5Db3GfDh9j9,Morad,1.0,Morad,fab6c2bc-87f7-4088-9301-6bd6164e9c3c,1.0,UCkAO0oRFeK1MFtPdkl9qEZQ,Morad,1.0,Morad,fab6c2bc-87f7-4088-9301-6bd6164e9c3c,1.0,True,
SAIKO,2O8vbr4RYPpk6MRA4fio7u,SAIKO,1.0,Saiko,,1.0,UCGB9lFem70FKvphlf6NirZg,SAIKO,1.0,,,,True,
Kristina,07Z7bvJe6gxi40UxVpuEL1,Kristina,1.0,Kristina,302d21c0-1ed4-40b1-901b-06e5891fa135,1.0,UCjQfS9oqZSyWbP9JsR4syXQ,KRISTINA,1.0,Kristina,302d21c0-1ed4-40b1-901b-06e5891fa135,1.0,True,
l0rna,2kFBKRwutklbaGSKBpc6TS,l0rna,1.0,l0rna,c13c8288-3f23-4d8b-97dc-f87c0d4ba02d,1.0,UCVs-FK9rdSmEmqlY9j7h3cA,l0rna,1.0,l0rna,c13c8288-3f23-4d8b-97dc-f87c0d4ba02d,1.0,True,
Quevedo,52iwsT98xCoGgiGntTiR7K,Quevedo,1.0,Quevedo,ef9bb29f-f466-4e28-8064-32558f4bb2df,1.0,UCYEmGiiM21tGuCEtDJTfP1w,Quevedo,1.0,Quevedo,ef9bb29f-f466-4e28-8064-32558f4bb2df,1.0,True,
D.Valentino,01WzyfcDKX94myMXnGfU4N,D.Valentino,1.0,D.Valentino,7e3edb70-7100-4cbe-be03-862f837f55e6,1.0,UCrmBzskI-Kl8PT78PfvkF8g,D.Valentino,1.0,D.Valentino,7e3edb70-7100-4cbe-be03-862f837f55e6,1.0,True,
Ralphie Choo,5qjnPRE33rMgYAxIjGUrI7,Ralphie Choo,1.0,Ralphie Choo,ec80bc0a-c081-40bf-b65c-472651a40783,1.0,UCn4YHds7afJ5MwmNqUC5D3w,Ralphie Choo,1.0,Ralphie Choo,ec80bc0a-c081-40bf-b65c-472651a40783,1.0,True,
AKRIILA,39hfuTf4PHfnHgIl0QBDGL,AKRIILA,1.0,AKRIILA,76352165-2b13-450d-9228-0912096fbdb5,1.0,UCydE-HrppgrN0raOH93KNxQ,AKRIILA,1.0,AKRIILA,76352165-2b13-450d-9228-0912096fbdb5,1.0,True,
rusowsky,1XEVu7gdRFfzEFqsPrancH,rusowsky,1.0,Rusowsky,d836bdef-52ef-4142-baba-573e5b529478,1.0,UCUWsoFzN8u06K5NJ7E2d91g,rusowsky,1.0,rusowsky,d836bdef-52ef-4142-baba-573e5b529478,1.0,True,
Maka,4lHAjTCvXGu8QIM3cEe93m,Maka,1.0,maka,,1.0,UCb5E8Bi22nyYrDXc7pos-wA,Maka,1.0,,,,True,
RVFV,2CCgb0KApjfQDuTppovpf8,Rvfv,1.0,Rvfv,e9adfa88-6767-4cb6-b07f-d4df5452d3b7,1.0,UClIUG4FjlugqTUjHSLC-zeA,RVFV,1.0,RVFV,e9adfa88-6767-4cb6-b07f-d4df5452d3b7,1.0,True,
Don Patricio,6vPXtLmNd3mW0dd1Rb9eQ9,Don Patricio,1.0,Don Patricio,e546fbc2-b7b6-4427-a0be-25cfb6c87e93,1.0,UC8dZA7RaDgayIsnV8uHLjng,Don Patricio,1.0,Don Patricio,e546fbc2-b7b6-4427-a0be-25cfb6c87e93,1.0,True,
Nyno Vargas,2dkbKcHXhN7ooFBdqAV76G,Nyno Vargas,1.0,Nyno Vargas,103ce457-ab3a-4516-8b41-0f15eac968bc,1.0,UCC1wcYyx5vHHVuCFE1sYazA,Nyno Vargas Oficial,1.0,Nyno Vargas,103ce457-ab3a-4516-8b41-0f15eac968bc,1.0,True,
sen senra,5lWasZeo8uWQk6GD8czJLq,Sen Senra,1.0,Sen Senra,14e3ab81-da70-4cb7-b73e-c50aeee3fa46,1.0,UCeekSA3d_VPOjLbtw-i5AnA,sen senra,1.0,sen senra,14e3ab81-da70-4cb7-b73e-c50aeee3fa46,1.0,True,
Natalia Lacunza,3Zs59sqZJ6fWQqWbRC8bOP,Natalia Lacunza,1.0,Natalia Lacunza,3e3a67ad-cc26-4edf-8925-12bdbc571486,1.0,UCVc6odiObHjRsjUCn0bf9xA,Natalia Lacunza,1.0,Natalia Lacunza,3e3a67ad-cc26-4edf-8925-12bdbc571486,1.0,True,
Lia Kali,7rFHoDuiSlV0DGHxckjm89,Lia Kali,1.0,Lia Kali,eb6035f6-b42b-4a4a-8615-e352f6c96fc6,1.0,UCLm4quIATL4JwQlM67mdoIQ,Lia Kali,1.0,Lia Kali,eb6035f6-b42b-4a4a-8615-e352f6c96fc6,1.0,True,
Bb trickz,5QS9NAK4AgJPTcRe472pZA,Bb trickz,1.0,Bb trickz,,1.0,UCT_i18M2tCNkaZ1mbqLc8XQ,Bb trickz,1.0,,,,True,
Soge Culebra,2SNfNJDsahTSVFwgxposF5,Soge Culebra,1.0,Soge Culebra,ba20c61a-fa32-4bf9-89a2-bee23c0d9a9b,1.0,UCPF00Bu1GWyj99XJwpDst-A,Soge Culebra,1.0,Soge Culebra,ba20c61a-fa32-4bf9-89a2-bee23c0d9a9b,1.0,True,
Diego 900,6PMkeaQ3DLnaBuhjfmSefK,Diego 900,1.0,Diego 900,f49ebaee-a202-459a-be8c-8f9cdab4f347,1.0,UCEYaPSMxqEUCZ_lX0n4pyZQ,Diego 900,1.0,Diego 900,f49ebaee-a202-459a-be8c-8f9cdab4f347,1.0,True,
Judeline,1H6X7yhnXZg73f9bssaj1Q,Judeline,1.0,Judeline,,1.0,UCivaiE8RNombvmGOrcF1YBA,Judeline,1.0,Judeline,b828d419-2928-4286-9509-5d920d524358,1.0,True,
JC REYES,0FwnPHExlRRxEZPLAi5tmG,JC Reyes,1.0,JC Reyes,76325ce0-5871-4176-a2bd-c19875ded9ea,1.0,UCca7FqUEssNMZueJT8Jn4KA,JC REYES,1.0,JC REYES,76325ce0-5871-4176-a2bd-c19875ded9ea,1.0,True,
FERNANDOCOSTA,5dC7EcwWdf9Qj4VvJab4rZ,FERNANDOCOSTA,1.0,FERNANDOCOSTA,7af2ae9c-fb88-45e0-8ce4-e5d902a688f4,1.0,UC8rd9GtkTHNk6aj617cP9wQ,FERNANDOCOSTA,1.0,FERNANDOCOSTA,7af2ae9c-fb88-45e0-8ce4-e5d902a688f4,1.0,True,
AMORE,2JfbhY0uEDLi1d89RzdU9S,AMORE,1.0,Amore,45b6cf1f-325b-4ebc-8948-0e72d48f2e5c,1.0,UCn0PWrjyia_yYVNXrzJtbng,AMORE,1.0,AMORE,45b6cf1f-325b-4ebc-8948-0e72d48f2e5c,1.0,True,
Mushkaa,3jU5LKRsimuyZjA0lSkdPp,Mushkaa,1.0,Mushkaa,931b0693-edd6-4ec2-90aa-df602c3aa95b,1.0,UC9Jl8Rcjs5ZUi8Wf1JnFzlw,Mushkaa,1.0,Mushkaa,931b0693-edd6-4ec2-90aa-df602c3aa95b,1.0,True,
Aissa,6RWMnZmXs8Ob715qLr4374,Aissa,1.0,Aissa,8edffc17-19b9-4d40-9559-f0b27b83c8f7,1.0,UCxcdeROhhi_7T4pW1ZtOvUA,Aissa - Topic,0.8,Aissa,8edffc17-19b9-4d40-9559-f0b27b83c8f7,1.0,True,
Juseph,5kgDdP7a4TsvkF08gpJGX0,Juseph,1.0,Juseph,56ce1606-d44d-41a6-81f2-cbf35a6982a1,1.0,UCCoWuI8pJ8jmuYE_0TzrbGg,Juseph,1.0,Juseph,56ce1606-d44d-41a6-81f2-cbf35a6982a1,1.0,True,
Ptazeta,5UN0rzL594mWY2RbOtZqIN,Ptazeta,1.0,Ptazeta,91b214df-43b3-4910-a76e-29c9a51d4c95,1.0,UCuEnnw70c_29Wh_jLIw6nyg,PtaZeta,1.0,Ptazeta,91b214df-43b3-4910-a76e-29c9a51d4c95,1.0,True,
GRECAS,3DhrvmXFJs6QKCSafoPhl4,GRECAS,1.0,Grecas,,1.0,UC4Jcz86Ijb5f03ob5I1Ul4A,GRECAS,1.0,GRECAS,9af58c45-1d4b-4fdf-bb43-8802c2e23c32,1.0,True,
Sosad,7Dhtrm0gyXdmDvvc5zAh4w,Sosad,1.0,SoSAD,,1.0,UC4fBIo2OZ1KZYQFw3ljurVg,SOSAD,1.0,Sosad,4111851f-884b-4df5-a816-6785a3403468,1.0,True,
SAM DAVIES,5IwsimGimVvw3Xb1YKGs0r,SAM DAVIES,1.0,Sam Davies,4589254b-bee8-4c9f-a7e8-234ff7456d0b,1.0,UCOJvsk5XXPEV-z7fFbFHsNA,SAM DAVIES,1.0,SAM DAVIES,4589254b-bee8-4c9f-a7e8-234ff7456d0b,1.0,True,
El Virtual,1M6Haz9vxliXQXeVO49CSY,El Virtual,1.0,El Virtual,abeae4d0-9c33-4974-bbc6-3e9264c339fc,1.0,UCjB-SW4eqL-7O1KOCIdselA,EL VIRTUAL,1.0,El Virtual,abeae4d0-9c33-4974-bbc6-3e9264c339fc,1.0,True,
ARON,79ehGac6casNGvc5n8XL7J,Aron,1.0,Aron,611f148d-4c9f-46d8-ba1f-0e6c7528e7fa,1.0,UCbBGz1-LLAuYiBgronuNBGg,ARON,1.0,ARON,611f148d-4c9f-46d8-ba1f-0e6c7528e7fa,1.0,True,
Kaydy Cain,4nXXIxTneJksvGXrlmX8oA,Kaydy Cain,1.0,Kaydy Cain,7e2012a4-2752-46c1-90b8-f48f3fa43412,1.0,UCeAMTmQ4GFl7ccgESz_97gg,Kaydy Cain,1.0,Kaydy Cain,7e2012a4-2752-46c1-90b8-f48f3fa43412,1.0,True,
La Plazuela,3iNrNJ38T7OEaI1UofQcIB,La Plazuela,1.0,La Plazuela,abfb6d3b-2fd2-4617-af1a-54b9cd6e6f2d,1.0,UC2qsuEayYjBwD-LsZTaB_yA,La Plazuela,1.0,La Plazuela,abfb6d3b-2fd2-4617-af1a-54b9cd6e6f2d,1.0,True,
Cupido,4dLhakqpeWIymuJnoGTUfB,Cupido,1.0,Cupido,28d7f98a-63ae-4ada-b10f-59974e996ae4,1.0,UCZnSO0A1ksSG-sSNowPtv4A,Cupido,1.0,Cupido,28d7f98a-63ae-4ada-b10f-59974e996ae4,1.0,True,
Claudio Montana,3Ecw2aaAQ3rqO3bH9pcN7d,Claudio Montana,1.0,Claudio Montana,9f102bd4-967d-461b-9a73-03f8bca34250,1.0,UCz9T8rW0B-jxChhfYjA3rAA,Claudio Montana,1.0,Claudio Montana,9f102bd4-967d-461b-9a73-03f8bca34250,1.0,True,
pablopablo,4jbtfb5mOGveUu9bTYIvEZ,pablopablo,1.0,pablopablo,d9bb3fef-be1a-47a1-be23-d3405d04d9e6,1.0,UCOBr5ohGs4wNynNORIHQFzg,pablopablo,1.0,pablopablo,d9bb3fef-be1a-47a1-be23-d3405d04d9e6,1.0,True,
TRISTÁN!,4XWTmdheb3gjg0P3tNQwT0,TRISTÁN!,1.0,TRISTÁN!,,1.0,UCyNjFBSlte3MY1OX9flbM_g,TRISTÁN!,1.0,,,,True,
Stereo Madness,41D48OxfIIiKSQJNNr14Jv,Stereo Madness,1.0,Stereo Madness,,1.0,UCSGqXKmD2c7xsc9a1bYTN9A,Stereo Madness,1.0,Stereo Madness,ee478d54-3a81-4860-b4fb-4bec8c3fd5b3,1.0,True,
Rebe,09JzopXDnVeP5YvaNh7VhF,Rebe,1.0,Rebe,064e5848-8385-4e85-b2ee-170ad1c8e393,1.0,UCQNoDwhFKB6QZ1ipfhUjFBg,rebe,1.0,Rebe,064e5848-8385-4e85-b2ee-170ad1c8e393,1.0,True,
Guitarricadelafuente,0oBiYchunKTMDesVICwrvL,Guitarricadelafuente,1.0,Guitarricadelafuente,68416724-6cc4-41ee-b81c-1ce169c00f03,1.0,UC2twHSJB8iEtjM0DG9HNCUw,Guitarricadelafuente,1.0,Guitarricadelafuente,68416724-6cc4-41ee-b81c-1ce169c00f03,1.0,True,
